upstream_assert_id,reason,source_file,source_method,costa_approval_ref,approved_at_utc
org.opennms.netmgt.enlinkd.EnLinkdSnmpIT#testIsisCircTableWalk#A0001,ISIS SNMP tracker/parser behavior is outside current topology engine scope.,features/enlinkd/tests/src/test/java/org/opennms/netmgt/enlinkd/EnLinkdSnmpIT.java,org.opennms.netmgt.enlinkd.EnLinkdSnmpIT::testIsisCircTableWalk,chat:2026-02-20:read-TODO-topology-library.md-and-proceed-as-planned,2026-02-20T10:52:51Z
org.opennms.netmgt.enlinkd.EnLinkdSnmpIT#testIsisCircTableWalk#A0002,ISIS SNMP tracker/parser behavior is outside current topology engine scope.,features/enlinkd/tests/src/test/java/org/opennms/netmgt/enlinkd/EnLinkdSnmpIT.java,org.opennms.netmgt.enlinkd.EnLinkdSnmpIT::testIsisCircTableWalk,chat:2026-02-20:read-TODO-topology-library.md-and-proceed-as-planned,2026-02-20T10:52:51Z
org.opennms.netmgt.enlinkd.EnLinkdSnmpIT#testIsisCircTableWalk#A0003,ISIS SNMP tracker/parser behavior is outside current topology engine scope.,features/enlinkd/tests/src/test/java/org/opennms/netmgt/enlinkd/EnLinkdSnmpIT.java,org.opennms.netmgt.enlinkd.EnLinkdSnmpIT::testIsisCircTableWalk,chat:2026-02-20:read-TODO-topology-library.md-and-proceed-as-planned,2026-02-20T10:52:51Z
org.opennms.netmgt.enlinkd.EnLinkdSnmpIT#testIsisCircTableWalk#A0004,ISIS SNMP tracker/parser behavior is outside current topology engine scope.,features/enlinkd/tests/src/test/java/org/opennms/netmgt/enlinkd/EnLinkdSnmpIT.java,org.opennms.netmgt.enlinkd.EnLinkdSnmpIT::testIsisCircTableWalk,chat:2026-02-20:read-TODO-topology-library.md-and-proceed-as-planned,2026-02-20T10:52:51Z
org.opennms.netmgt.enlinkd.EnLinkdSnmpIT#testIsisCircTableWalk#A0005,ISIS SNMP tracker/parser behavior is outside current topology engine scope.,features/enlinkd/tests/src/test/java/org/opennms/netmgt/enlinkd/EnLinkdSnmpIT.java,org.opennms.netmgt.enlinkd.EnLinkdSnmpIT::testIsisCircTableWalk,chat:2026-02-20:read-TODO-topology-library.md-and-proceed-as-planned,2026-02-20T10:52:51Z
org.opennms.netmgt.enlinkd.EnLinkdSnmpIT#testIsisCircTableWalk#A0006,ISIS SNMP tracker/parser behavior is outside current topology engine scope.,features/enlinkd/tests/src/test/java/org/opennms/netmgt/enlinkd/EnLinkdSnmpIT.java,org.opennms.netmgt.enlinkd.EnLinkdSnmpIT::testIsisCircTableWalk,chat:2026-02-20:read-TODO-topology-library.md-and-proceed-as-planned,2026-02-20T10:52:51Z
org.opennms.netmgt.enlinkd.EnLinkdSnmpIT#testIsisCircTableWalk#A0007,ISIS SNMP tracker/parser behavior is outside current topology engine scope.,features/enlinkd/tests/src/test/java/org/opennms/netmgt/enlinkd/EnLinkdSnmpIT.java,org.opennms.netmgt.enlinkd.EnLinkdSnmpIT::testIsisCircTableWalk,chat:2026-02-20:read-TODO-topology-library.md-and-proceed-as-planned,2026-02-20T10:52:51Z
org.opennms.netmgt.enlinkd.EnLinkdSnmpIT#testIsisCircTableWalk#A0008,ISIS SNMP tracker/parser behavior is outside current topology engine scope.,features/enlinkd/tests/src/test/java/org/opennms/netmgt/enlinkd/EnLinkdSnmpIT.java,org.opennms.netmgt.enlinkd.EnLinkdSnmpIT::testIsisCircTableWalk,chat:2026-02-20:read-TODO-topology-library.md-and-proceed-as-planned,2026-02-20T10:52:51Z
org.opennms.netmgt.enlinkd.EnLinkdSnmpIT#testIsisCircTableWalk#A0009,ISIS SNMP tracker/parser behavior is outside current topology engine scope.,features/enlinkd/tests/src/test/java/org/opennms/netmgt/enlinkd/EnLinkdSnmpIT.java,org.opennms.netmgt.enlinkd.EnLinkdSnmpIT::testIsisCircTableWalk,chat:2026-02-20:read-TODO-topology-library.md-and-proceed-as-planned,2026-02-20T10:52:51Z
org.opennms.netmgt.enlinkd.EnLinkdSnmpIT#testIsisCircTableWalk#A0010,ISIS SNMP tracker/parser behavior is outside current topology engine scope.,features/enlinkd/tests/src/test/java/org/opennms/netmgt/enlinkd/EnLinkdSnmpIT.java,org.opennms.netmgt.enlinkd.EnLinkdSnmpIT::testIsisCircTableWalk,chat:2026-02-20:read-TODO-topology-library.md-and-proceed-as-planned,2026-02-20T10:52:51Z
org.opennms.netmgt.enlinkd.EnLinkdSnmpIT#testIsisCircTableWalk#A0011,ISIS SNMP tracker/parser behavior is outside current topology engine scope.,features/enlinkd/tests/src/test/java/org/opennms/netmgt/enlinkd/EnLinkdSnmpIT.java,org.opennms.netmgt.enlinkd.EnLinkdSnmpIT::testIsisCircTableWalk,chat:2026-02-20:read-TODO-topology-library.md-and-proceed-as-planned,2026-02-20T10:52:51Z
org.opennms.netmgt.enlinkd.EnLinkdSnmpIT#testIsisCircTableWalk#A0012,ISIS SNMP tracker/parser behavior is outside current topology engine scope.,features/enlinkd/tests/src/test/java/org/opennms/netmgt/enlinkd/EnLinkdSnmpIT.java,org.opennms.netmgt.enlinkd.EnLinkdSnmpIT::testIsisCircTableWalk,chat:2026-02-20:read-TODO-topology-library.md-and-proceed-as-planned,2026-02-20T10:52:51Z
org.opennms.netmgt.enlinkd.EnLinkdSnmpIT#testIsisCircTableWalk#A0013,ISIS SNMP tracker/parser behavior is outside current topology engine scope.,features/enlinkd/tests/src/test/java/org/opennms/netmgt/enlinkd/EnLinkdSnmpIT.java,org.opennms.netmgt.enlinkd.EnLinkdSnmpIT::testIsisCircTableWalk,chat:2026-02-20:read-TODO-topology-library.md-and-proceed-as-planned,2026-02-20T10:52:51Z
org.opennms.netmgt.enlinkd.EnLinkdSnmpIT#testIsisCircTableWalk#A0014,ISIS SNMP tracker/parser behavior is outside current topology engine scope.,features/enlinkd/tests/src/test/java/org/opennms/netmgt/enlinkd/EnLinkdSnmpIT.java,org.opennms.netmgt.enlinkd.EnLinkdSnmpIT::testIsisCircTableWalk,chat:2026-02-20:read-TODO-topology-library.md-and-proceed-as-planned,2026-02-20T10:52:51Z
org.opennms.netmgt.enlinkd.EnLinkdSnmpIT#testIsisCircTableWalk#A0015,ISIS SNMP tracker/parser behavior is outside current topology engine scope.,features/enlinkd/tests/src/test/java/org/opennms/netmgt/enlinkd/EnLinkdSnmpIT.java,org.opennms.netmgt.enlinkd.EnLinkdSnmpIT::testIsisCircTableWalk,chat:2026-02-20:read-TODO-topology-library.md-and-proceed-as-planned,2026-02-20T10:52:51Z
org.opennms.netmgt.enlinkd.EnLinkdSnmpIT#testIsisCircTableWalk#A0016,ISIS SNMP tracker/parser behavior is outside current topology engine scope.,features/enlinkd/tests/src/test/java/org/opennms/netmgt/enlinkd/EnLinkdSnmpIT.java,org.opennms.netmgt.enlinkd.EnLinkdSnmpIT::testIsisCircTableWalk,chat:2026-02-20:read-TODO-topology-library.md-and-proceed-as-planned,2026-02-20T10:52:51Z
org.opennms.netmgt.enlinkd.EnLinkdSnmpIT#testIsisCircTableWalk#A0017,ISIS SNMP tracker/parser behavior is outside current topology engine scope.,features/enlinkd/tests/src/test/java/org/opennms/netmgt/enlinkd/EnLinkdSnmpIT.java,org.opennms.netmgt.enlinkd.EnLinkdSnmpIT::testIsisCircTableWalk,chat:2026-02-20:read-TODO-topology-library.md-and-proceed-as-planned,2026-02-20T10:52:51Z
org.opennms.netmgt.enlinkd.EnLinkdSnmpIT#testIsisCircTableWalk#A0018,ISIS SNMP tracker/parser behavior is outside current topology engine scope.,features/enlinkd/tests/src/test/java/org/opennms/netmgt/enlinkd/EnLinkdSnmpIT.java,org.opennms.netmgt.enlinkd.EnLinkdSnmpIT::testIsisCircTableWalk,chat:2026-02-20:read-TODO-topology-library.md-and-proceed-as-planned,2026-02-20T10:52:51Z
org.opennms.netmgt.enlinkd.EnLinkdSnmpIT#testIsisCircTableWalk#A0019,ISIS SNMP tracker/parser behavior is outside current topology engine scope.,features/enlinkd/tests/src/test/java/org/opennms/netmgt/enlinkd/EnLinkdSnmpIT.java,org.opennms.netmgt.enlinkd.EnLinkdSnmpIT::testIsisCircTableWalk,chat:2026-02-20:read-TODO-topology-library.md-and-proceed-as-planned,2026-02-20T10:52:51Z
org.opennms.netmgt.enlinkd.EnLinkdSnmpIT#testIsisCircTableWalk#A0020,ISIS SNMP tracker/parser behavior is outside current topology engine scope.,features/enlinkd/tests/src/test/java/org/opennms/netmgt/enlinkd/EnLinkdSnmpIT.java,org.opennms.netmgt.enlinkd.EnLinkdSnmpIT::testIsisCircTableWalk,chat:2026-02-20:read-TODO-topology-library.md-and-proceed-as-planned,2026-02-20T10:52:51Z
org.opennms.netmgt.enlinkd.EnLinkdSnmpIT#testIsisCircTableWalk#A0021,ISIS SNMP tracker/parser behavior is outside current topology engine scope.,features/enlinkd/tests/src/test/java/org/opennms/netmgt/enlinkd/EnLinkdSnmpIT.java,org.opennms.netmgt.enlinkd.EnLinkdSnmpIT::testIsisCircTableWalk,chat:2026-02-20:read-TODO-topology-library.md-and-proceed-as-planned,2026-02-20T10:52:51Z
org.opennms.netmgt.enlinkd.EnLinkdSnmpIT#testIsisCircTableWalk#A0022,ISIS SNMP tracker/parser behavior is outside current topology engine scope.,features/enlinkd/tests/src/test/java/org/opennms/netmgt/enlinkd/EnLinkdSnmpIT.java,org.opennms.netmgt.enlinkd.EnLinkdSnmpIT::testIsisCircTableWalk,chat:2026-02-20:read-TODO-topology-library.md-and-proceed-as-planned,2026-02-20T10:52:51Z
org.opennms.netmgt.enlinkd.EnLinkdSnmpIT#testIsisCircTableWalk#A0023,ISIS SNMP tracker/parser behavior is outside current topology engine scope.,features/enlinkd/tests/src/test/java/org/opennms/netmgt/enlinkd/EnLinkdSnmpIT.java,org.opennms.netmgt.enlinkd.EnLinkdSnmpIT::testIsisCircTableWalk,chat:2026-02-20:read-TODO-topology-library.md-and-proceed-as-planned,2026-02-20T10:52:51Z
org.opennms.netmgt.enlinkd.EnLinkdSnmpIT#testIsisCircTableWalk#A0024,ISIS SNMP tracker/parser behavior is outside current topology engine scope.,features/enlinkd/tests/src/test/java/org/opennms/netmgt/enlinkd/EnLinkdSnmpIT.java,org.opennms.netmgt.enlinkd.EnLinkdSnmpIT::testIsisCircTableWalk,chat:2026-02-20:read-TODO-topology-library.md-and-proceed-as-planned,2026-02-20T10:52:51Z
org.opennms.netmgt.enlinkd.EnLinkdSnmpIT#testIsisCircTableWalk#A0025,ISIS SNMP tracker/parser behavior is outside current topology engine scope.,features/enlinkd/tests/src/test/java/org/opennms/netmgt/enlinkd/EnLinkdSnmpIT.java,org.opennms.netmgt.enlinkd.EnLinkdSnmpIT::testIsisCircTableWalk,chat:2026-02-20:read-TODO-topology-library.md-and-proceed-as-planned,2026-02-20T10:52:51Z
org.opennms.netmgt.enlinkd.EnLinkdSnmpIT#testIsisCircTableWalk#A0026,ISIS SNMP tracker/parser behavior is outside current topology engine scope.,features/enlinkd/tests/src/test/java/org/opennms/netmgt/enlinkd/EnLinkdSnmpIT.java,org.opennms.netmgt.enlinkd.EnLinkdSnmpIT::testIsisCircTableWalk,chat:2026-02-20:read-TODO-topology-library.md-and-proceed-as-planned,2026-02-20T10:52:51Z
org.opennms.netmgt.enlinkd.EnLinkdSnmpIT#testIsisISAdjTableWalk#A0001,ISIS SNMP tracker/parser behavior is outside current topology engine scope.,features/enlinkd/tests/src/test/java/org/opennms/netmgt/enlinkd/EnLinkdSnmpIT.java,org.opennms.netmgt.enlinkd.EnLinkdSnmpIT::testIsisISAdjTableWalk,chat:2026-02-20:read-TODO-topology-library.md-and-proceed-as-planned,2026-02-20T10:52:51Z
org.opennms.netmgt.enlinkd.EnLinkdSnmpIT#testIsisISAdjTableWalk#A0002,ISIS SNMP tracker/parser behavior is outside current topology engine scope.,features/enlinkd/tests/src/test/java/org/opennms/netmgt/enlinkd/EnLinkdSnmpIT.java,org.opennms.netmgt.enlinkd.EnLinkdSnmpIT::testIsisISAdjTableWalk,chat:2026-02-20:read-TODO-topology-library.md-and-proceed-as-planned,2026-02-20T10:52:51Z
org.opennms.netmgt.enlinkd.EnLinkdSnmpIT#testIsisISAdjTableWalk#A0003,ISIS SNMP tracker/parser behavior is outside current topology engine scope.,features/enlinkd/tests/src/test/java/org/opennms/netmgt/enlinkd/EnLinkdSnmpIT.java,org.opennms.netmgt.enlinkd.EnLinkdSnmpIT::testIsisISAdjTableWalk,chat:2026-02-20:read-TODO-topology-library.md-and-proceed-as-planned,2026-02-20T10:52:51Z
org.opennms.netmgt.enlinkd.EnLinkdSnmpIT#testIsisISAdjTableWalk#A0004,ISIS SNMP tracker/parser behavior is outside current topology engine scope.,features/enlinkd/tests/src/test/java/org/opennms/netmgt/enlinkd/EnLinkdSnmpIT.java,org.opennms.netmgt.enlinkd.EnLinkdSnmpIT::testIsisISAdjTableWalk,chat:2026-02-20:read-TODO-topology-library.md-and-proceed-as-planned,2026-02-20T10:52:51Z
org.opennms.netmgt.enlinkd.EnLinkdSnmpIT#testIsisISAdjTableWalk#A0005,ISIS SNMP tracker/parser behavior is outside current topology engine scope.,features/enlinkd/tests/src/test/java/org/opennms/netmgt/enlinkd/EnLinkdSnmpIT.java,org.opennms.netmgt.enlinkd.EnLinkdSnmpIT::testIsisISAdjTableWalk,chat:2026-02-20:read-TODO-topology-library.md-and-proceed-as-planned,2026-02-20T10:52:51Z
org.opennms.netmgt.enlinkd.EnLinkdSnmpIT#testIsisISAdjTableWalk#A0006,ISIS SNMP tracker/parser behavior is outside current topology engine scope.,features/enlinkd/tests/src/test/java/org/opennms/netmgt/enlinkd/EnLinkdSnmpIT.java,org.opennms.netmgt.enlinkd.EnLinkdSnmpIT::testIsisISAdjTableWalk,chat:2026-02-20:read-TODO-topology-library.md-and-proceed-as-planned,2026-02-20T10:52:51Z
org.opennms.netmgt.enlinkd.EnLinkdSnmpIT#testIsisISAdjTableWalk#A0007,ISIS SNMP tracker/parser behavior is outside current topology engine scope.,features/enlinkd/tests/src/test/java/org/opennms/netmgt/enlinkd/EnLinkdSnmpIT.java,org.opennms.netmgt.enlinkd.EnLinkdSnmpIT::testIsisISAdjTableWalk,chat:2026-02-20:read-TODO-topology-library.md-and-proceed-as-planned,2026-02-20T10:52:51Z
org.opennms.netmgt.enlinkd.EnLinkdSnmpIT#testIsisISAdjTableWalk#A0008,ISIS SNMP tracker/parser behavior is outside current topology engine scope.,features/enlinkd/tests/src/test/java/org/opennms/netmgt/enlinkd/EnLinkdSnmpIT.java,org.opennms.netmgt.enlinkd.EnLinkdSnmpIT::testIsisISAdjTableWalk,chat:2026-02-20:read-TODO-topology-library.md-and-proceed-as-planned,2026-02-20T10:52:51Z
org.opennms.netmgt.enlinkd.EnLinkdSnmpIT#testIsisISAdjTableWalk#A0009,ISIS SNMP tracker/parser behavior is outside current topology engine scope.,features/enlinkd/tests/src/test/java/org/opennms/netmgt/enlinkd/EnLinkdSnmpIT.java,org.opennms.netmgt.enlinkd.EnLinkdSnmpIT::testIsisISAdjTableWalk,chat:2026-02-20:read-TODO-topology-library.md-and-proceed-as-planned,2026-02-20T10:52:51Z
org.opennms.netmgt.enlinkd.EnLinkdSnmpIT#testIsisISAdjTableWalk#A0010,ISIS SNMP tracker/parser behavior is outside current topology engine scope.,features/enlinkd/tests/src/test/java/org/opennms/netmgt/enlinkd/EnLinkdSnmpIT.java,org.opennms.netmgt.enlinkd.EnLinkdSnmpIT::testIsisISAdjTableWalk,chat:2026-02-20:read-TODO-topology-library.md-and-proceed-as-planned,2026-02-20T10:52:51Z
org.opennms.netmgt.enlinkd.EnLinkdSnmpIT#testIsisSysObjectWalk#A0001,ISIS SNMP tracker/parser behavior is outside current topology engine scope.,features/enlinkd/tests/src/test/java/org/opennms/netmgt/enlinkd/EnLinkdSnmpIT.java,org.opennms.netmgt.enlinkd.EnLinkdSnmpIT::testIsisSysObjectWalk,chat:2026-02-20:read-TODO-topology-library.md-and-proceed-as-planned,2026-02-20T10:52:51Z
org.opennms.netmgt.enlinkd.EnLinkdSnmpIT#testIsisSysObjectWalk#A0002,ISIS SNMP tracker/parser behavior is outside current topology engine scope.,features/enlinkd/tests/src/test/java/org/opennms/netmgt/enlinkd/EnLinkdSnmpIT.java,org.opennms.netmgt.enlinkd.EnLinkdSnmpIT::testIsisSysObjectWalk,chat:2026-02-20:read-TODO-topology-library.md-and-proceed-as-planned,2026-02-20T10:52:51Z
org.opennms.netmgt.enlinkd.EnLinkdSnmpIT#testOspfGeneralGroupWalk#A0001,OSPF SNMP tracker/parser behavior is outside current topology engine scope.,features/enlinkd/tests/src/test/java/org/opennms/netmgt/enlinkd/EnLinkdSnmpIT.java,org.opennms.netmgt.enlinkd.EnLinkdSnmpIT::testOspfGeneralGroupWalk,chat:2026-02-20:read-TODO-topology-library.md-and-proceed-as-planned,2026-02-20T10:52:51Z
org.opennms.netmgt.enlinkd.EnLinkdSnmpIT#testOspfGeneralGroupWalk#A0002,OSPF SNMP tracker/parser behavior is outside current topology engine scope.,features/enlinkd/tests/src/test/java/org/opennms/netmgt/enlinkd/EnLinkdSnmpIT.java,org.opennms.netmgt.enlinkd.EnLinkdSnmpIT::testOspfGeneralGroupWalk,chat:2026-02-20:read-TODO-topology-library.md-and-proceed-as-planned,2026-02-20T10:52:51Z
org.opennms.netmgt.enlinkd.EnLinkdSnmpIT#testOspfGeneralGroupWalk#A0003,OSPF SNMP tracker/parser behavior is outside current topology engine scope.,features/enlinkd/tests/src/test/java/org/opennms/netmgt/enlinkd/EnLinkdSnmpIT.java,org.opennms.netmgt.enlinkd.EnLinkdSnmpIT::testOspfGeneralGroupWalk,chat:2026-02-20:read-TODO-topology-library.md-and-proceed-as-planned,2026-02-20T10:52:51Z
org.opennms.netmgt.enlinkd.EnLinkdSnmpIT#testOspfGeneralGroupWalk#A0004,OSPF SNMP tracker/parser behavior is outside current topology engine scope.,features/enlinkd/tests/src/test/java/org/opennms/netmgt/enlinkd/EnLinkdSnmpIT.java,org.opennms.netmgt.enlinkd.EnLinkdSnmpIT::testOspfGeneralGroupWalk,chat:2026-02-20:read-TODO-topology-library.md-and-proceed-as-planned,2026-02-20T10:52:51Z
org.opennms.netmgt.enlinkd.EnLinkdSnmpIT#testOspfGeneralGroupWalk#A0005,OSPF SNMP tracker/parser behavior is outside current topology engine scope.,features/enlinkd/tests/src/test/java/org/opennms/netmgt/enlinkd/EnLinkdSnmpIT.java,org.opennms.netmgt.enlinkd.EnLinkdSnmpIT::testOspfGeneralGroupWalk,chat:2026-02-20:read-TODO-topology-library.md-and-proceed-as-planned,2026-02-20T10:52:51Z
org.opennms.netmgt.enlinkd.EnLinkdSnmpIT#testOspfGeneralGroupWalk#A0006,OSPF SNMP tracker/parser behavior is outside current topology engine scope.,features/enlinkd/tests/src/test/java/org/opennms/netmgt/enlinkd/EnLinkdSnmpIT.java,org.opennms.netmgt.enlinkd.EnLinkdSnmpIT::testOspfGeneralGroupWalk,chat:2026-02-20:read-TODO-topology-library.md-and-proceed-as-planned,2026-02-20T10:52:51Z
org.opennms.netmgt.enlinkd.EnLinkdSnmpIT#testOspfGeneralGroupWalk#A0007,OSPF SNMP tracker/parser behavior is outside current topology engine scope.,features/enlinkd/tests/src/test/java/org/opennms/netmgt/enlinkd/EnLinkdSnmpIT.java,org.opennms.netmgt.enlinkd.EnLinkdSnmpIT::testOspfGeneralGroupWalk,chat:2026-02-20:read-TODO-topology-library.md-and-proceed-as-planned,2026-02-20T10:52:51Z
org.opennms.netmgt.enlinkd.EnLinkdSnmpIT#testOspfGeneralGroupWalk#A0008,OSPF SNMP tracker/parser behavior is outside current topology engine scope.,features/enlinkd/tests/src/test/java/org/opennms/netmgt/enlinkd/EnLinkdSnmpIT.java,org.opennms.netmgt.enlinkd.EnLinkdSnmpIT::testOspfGeneralGroupWalk,chat:2026-02-20:read-TODO-topology-library.md-and-proceed-as-planned,2026-02-20T10:52:51Z
org.opennms.netmgt.enlinkd.EnLinkdSnmpIT#testOspfGeneralGroupWalk#A0009,OSPF SNMP tracker/parser behavior is outside current topology engine scope.,features/enlinkd/tests/src/test/java/org/opennms/netmgt/enlinkd/EnLinkdSnmpIT.java,org.opennms.netmgt.enlinkd.EnLinkdSnmpIT::testOspfGeneralGroupWalk,chat:2026-02-20:read-TODO-topology-library.md-and-proceed-as-planned,2026-02-20T10:52:51Z
org.opennms.netmgt.enlinkd.EnLinkdSnmpIT#testOspfGeneralGroupWalk#A0010,OSPF SNMP tracker/parser behavior is outside current topology engine scope.,features/enlinkd/tests/src/test/java/org/opennms/netmgt/enlinkd/EnLinkdSnmpIT.java,org.opennms.netmgt.enlinkd.EnLinkdSnmpIT::testOspfGeneralGroupWalk,chat:2026-02-20:read-TODO-topology-library.md-and-proceed-as-planned,2026-02-20T10:52:51Z
org.opennms.netmgt.enlinkd.EnLinkdSnmpIT#testOspfGeneralGroupWalk#A0011,OSPF SNMP tracker/parser behavior is outside current topology engine scope.,features/enlinkd/tests/src/test/java/org/opennms/netmgt/enlinkd/EnLinkdSnmpIT.java,org.opennms.netmgt.enlinkd.EnLinkdSnmpIT::testOspfGeneralGroupWalk,chat:2026-02-20:read-TODO-topology-library.md-and-proceed-as-planned,2026-02-20T10:52:51Z
org.opennms.netmgt.enlinkd.EnLinkdSnmpIT#testOspfGeneralGroupWalk#A0012,OSPF SNMP tracker/parser behavior is outside current topology engine scope.,features/enlinkd/tests/src/test/java/org/opennms/netmgt/enlinkd/EnLinkdSnmpIT.java,org.opennms.netmgt.enlinkd.EnLinkdSnmpIT::testOspfGeneralGroupWalk,chat:2026-02-20:read-TODO-topology-library.md-and-proceed-as-planned,2026-02-20T10:52:51Z
org.opennms.netmgt.enlinkd.EnLinkdSnmpIT#testOspfGeneralGroupWalk#A0013,OSPF SNMP tracker/parser behavior is outside current topology engine scope.,features/enlinkd/tests/src/test/java/org/opennms/netmgt/enlinkd/EnLinkdSnmpIT.java,org.opennms.netmgt.enlinkd.EnLinkdSnmpIT::testOspfGeneralGroupWalk,chat:2026-02-20:read-TODO-topology-library.md-and-proceed-as-planned,2026-02-20T10:52:51Z
org.opennms.netmgt.enlinkd.EnLinkdSnmpIT#testOspfGeneralGroupWalk#A0014,OSPF SNMP tracker/parser behavior is outside current topology engine scope.,features/enlinkd/tests/src/test/java/org/opennms/netmgt/enlinkd/EnLinkdSnmpIT.java,org.opennms.netmgt.enlinkd.EnLinkdSnmpIT::testOspfGeneralGroupWalk,chat:2026-02-20:read-TODO-topology-library.md-and-proceed-as-planned,2026-02-20T10:52:51Z
org.opennms.netmgt.enlinkd.EnLinkdSnmpIT#testOspfIfTableWalk#A0001,OSPF SNMP tracker/parser behavior is outside current topology engine scope.,features/enlinkd/tests/src/test/java/org/opennms/netmgt/enlinkd/EnLinkdSnmpIT.java,org.opennms.netmgt.enlinkd.EnLinkdSnmpIT::testOspfIfTableWalk,chat:2026-02-20:read-TODO-topology-library.md-and-proceed-as-planned,2026-02-20T10:52:51Z
org.opennms.netmgt.enlinkd.EnLinkdSnmpIT#testOspfIfTableWalk#A0002,OSPF SNMP tracker/parser behavior is outside current topology engine scope.,features/enlinkd/tests/src/test/java/org/opennms/netmgt/enlinkd/EnLinkdSnmpIT.java,org.opennms.netmgt.enlinkd.EnLinkdSnmpIT::testOspfIfTableWalk,chat:2026-02-20:read-TODO-topology-library.md-and-proceed-as-planned,2026-02-20T10:52:51Z
org.opennms.netmgt.enlinkd.EnLinkdSnmpIT#testOspfIfTableWalk#A0003,OSPF SNMP tracker/parser behavior is outside current topology engine scope.,features/enlinkd/tests/src/test/java/org/opennms/netmgt/enlinkd/EnLinkdSnmpIT.java,org.opennms.netmgt.enlinkd.EnLinkdSnmpIT::testOspfIfTableWalk,chat:2026-02-20:read-TODO-topology-library.md-and-proceed-as-planned,2026-02-20T10:52:51Z
org.opennms.netmgt.enlinkd.EnLinkdSnmpIT#testOspfIfTableWalk#A0004,OSPF SNMP tracker/parser behavior is outside current topology engine scope.,features/enlinkd/tests/src/test/java/org/opennms/netmgt/enlinkd/EnLinkdSnmpIT.java,org.opennms.netmgt.enlinkd.EnLinkdSnmpIT::testOspfIfTableWalk,chat:2026-02-20:read-TODO-topology-library.md-and-proceed-as-planned,2026-02-20T10:52:51Z
org.opennms.netmgt.enlinkd.EnLinkdSnmpIT#testOspfIfTableWalk#A0005,OSPF SNMP tracker/parser behavior is outside current topology engine scope.,features/enlinkd/tests/src/test/java/org/opennms/netmgt/enlinkd/EnLinkdSnmpIT.java,org.opennms.netmgt.enlinkd.EnLinkdSnmpIT::testOspfIfTableWalk,chat:2026-02-20:read-TODO-topology-library.md-and-proceed-as-planned,2026-02-20T10:52:51Z
org.opennms.netmgt.enlinkd.EnLinkdSnmpIT#testOspfIfTableWalk#A0006,OSPF SNMP tracker/parser behavior is outside current topology engine scope.,features/enlinkd/tests/src/test/java/org/opennms/netmgt/enlinkd/EnLinkdSnmpIT.java,org.opennms.netmgt.enlinkd.EnLinkdSnmpIT::testOspfIfTableWalk,chat:2026-02-20:read-TODO-topology-library.md-and-proceed-as-planned,2026-02-20T10:52:51Z
org.opennms.netmgt.enlinkd.EnLinkdSnmpIT#testOspfIfTableWalk#A0007,OSPF SNMP tracker/parser behavior is outside current topology engine scope.,features/enlinkd/tests/src/test/java/org/opennms/netmgt/enlinkd/EnLinkdSnmpIT.java,org.opennms.netmgt.enlinkd.EnLinkdSnmpIT::testOspfIfTableWalk,chat:2026-02-20:read-TODO-topology-library.md-and-proceed-as-planned,2026-02-20T10:52:51Z
org.opennms.netmgt.enlinkd.EnLinkdSnmpIT#testOspfIfTableWalk#A0008,OSPF SNMP tracker/parser behavior is outside current topology engine scope.,features/enlinkd/tests/src/test/java/org/opennms/netmgt/enlinkd/EnLinkdSnmpIT.java,org.opennms.netmgt.enlinkd.EnLinkdSnmpIT::testOspfIfTableWalk,chat:2026-02-20:read-TODO-topology-library.md-and-proceed-as-planned,2026-02-20T10:52:51Z
org.opennms.netmgt.enlinkd.EnLinkdSnmpIT#testOspfIfTableWalk#A0009,OSPF SNMP tracker/parser behavior is outside current topology engine scope.,features/enlinkd/tests/src/test/java/org/opennms/netmgt/enlinkd/EnLinkdSnmpIT.java,org.opennms.netmgt.enlinkd.EnLinkdSnmpIT::testOspfIfTableWalk,chat:2026-02-20:read-TODO-topology-library.md-and-proceed-as-planned,2026-02-20T10:52:51Z
org.opennms.netmgt.enlinkd.EnLinkdSnmpIT#testOspfIfTableWalk#A0010,OSPF SNMP tracker/parser behavior is outside current topology engine scope.,features/enlinkd/tests/src/test/java/org/opennms/netmgt/enlinkd/EnLinkdSnmpIT.java,org.opennms.netmgt.enlinkd.EnLinkdSnmpIT::testOspfIfTableWalk,chat:2026-02-20:read-TODO-topology-library.md-and-proceed-as-planned,2026-02-20T10:52:51Z
org.opennms.netmgt.enlinkd.EnLinkdSnmpIT#testOspfIfTableWalk#A0011,OSPF SNMP tracker/parser behavior is outside current topology engine scope.,features/enlinkd/tests/src/test/java/org/opennms/netmgt/enlinkd/EnLinkdSnmpIT.java,org.opennms.netmgt.enlinkd.EnLinkdSnmpIT::testOspfIfTableWalk,chat:2026-02-20:read-TODO-topology-library.md-and-proceed-as-planned,2026-02-20T10:52:51Z
org.opennms.netmgt.enlinkd.EnLinkdSnmpIT#testOspfIfTableWalk#A0012,OSPF SNMP tracker/parser behavior is outside current topology engine scope.,features/enlinkd/tests/src/test/java/org/opennms/netmgt/enlinkd/EnLinkdSnmpIT.java,org.opennms.netmgt.enlinkd.EnLinkdSnmpIT::testOspfIfTableWalk,chat:2026-02-20:read-TODO-topology-library.md-and-proceed-as-planned,2026-02-20T10:52:51Z
org.opennms.netmgt.enlinkd.EnLinkdSnmpIT#testOspfNbrTableWalk#A0001,OSPF SNMP tracker/parser behavior is outside current topology engine scope.,features/enlinkd/tests/src/test/java/org/opennms/netmgt/enlinkd/EnLinkdSnmpIT.java,org.opennms.netmgt.enlinkd.EnLinkdSnmpIT::testOspfNbrTableWalk,chat:2026-02-20:read-TODO-topology-library.md-and-proceed-as-planned,2026-02-20T10:52:51Z
org.opennms.netmgt.enlinkd.EnLinkdSnmpIT#testOspfNbrTableWalk#A0002,OSPF SNMP tracker/parser behavior is outside current topology engine scope.,features/enlinkd/tests/src/test/java/org/opennms/netmgt/enlinkd/EnLinkdSnmpIT.java,org.opennms.netmgt.enlinkd.EnLinkdSnmpIT::testOspfNbrTableWalk,chat:2026-02-20:read-TODO-topology-library.md-and-proceed-as-planned,2026-02-20T10:52:51Z
org.opennms.netmgt.enlinkd.EnLinkdSnmpIT#testOspfNbrTableWalk#A0003,OSPF SNMP tracker/parser behavior is outside current topology engine scope.,features/enlinkd/tests/src/test/java/org/opennms/netmgt/enlinkd/EnLinkdSnmpIT.java,org.opennms.netmgt.enlinkd.EnLinkdSnmpIT::testOspfNbrTableWalk,chat:2026-02-20:read-TODO-topology-library.md-and-proceed-as-planned,2026-02-20T10:52:51Z
org.opennms.netmgt.enlinkd.EnLinkdSnmpIT#testOspfTableTracker#A0001,OSPF SNMP tracker/parser behavior is outside current topology engine scope.,features/enlinkd/tests/src/test/java/org/opennms/netmgt/enlinkd/EnLinkdSnmpIT.java,org.opennms.netmgt.enlinkd.EnLinkdSnmpIT::testOspfTableTracker,chat:2026-02-20:read-TODO-topology-library.md-and-proceed-as-planned,2026-02-20T10:52:51Z
org.opennms.netmgt.enlinkd.EnLinkdSnmpIT#testOspfTableTracker#A0002,OSPF SNMP tracker/parser behavior is outside current topology engine scope.,features/enlinkd/tests/src/test/java/org/opennms/netmgt/enlinkd/EnLinkdSnmpIT.java,org.opennms.netmgt.enlinkd.EnLinkdSnmpIT::testOspfTableTracker,chat:2026-02-20:read-TODO-topology-library.md-and-proceed-as-planned,2026-02-20T10:52:51Z
org.opennms.netmgt.enlinkd.EnLinkdSnmpIT#testOspfTableTracker#A0003,OSPF SNMP tracker/parser behavior is outside current topology engine scope.,features/enlinkd/tests/src/test/java/org/opennms/netmgt/enlinkd/EnLinkdSnmpIT.java,org.opennms.netmgt.enlinkd.EnLinkdSnmpIT::testOspfTableTracker,chat:2026-02-20:read-TODO-topology-library.md-and-proceed-as-planned,2026-02-20T10:52:51Z
org.opennms.netmgt.enlinkd.EnLinkdSnmpIT#testOspfTableTracker#A0004,OSPF SNMP tracker/parser behavior is outside current topology engine scope.,features/enlinkd/tests/src/test/java/org/opennms/netmgt/enlinkd/EnLinkdSnmpIT.java,org.opennms.netmgt.enlinkd.EnLinkdSnmpIT::testOspfTableTracker,chat:2026-02-20:read-TODO-topology-library.md-and-proceed-as-planned,2026-02-20T10:52:51Z
org.opennms.netmgt.enlinkd.EnLinkdSnmpIT#testOspfTableTracker#A0005,OSPF SNMP tracker/parser behavior is outside current topology engine scope.,features/enlinkd/tests/src/test/java/org/opennms/netmgt/enlinkd/EnLinkdSnmpIT.java,org.opennms.netmgt.enlinkd.EnLinkdSnmpIT::testOspfTableTracker,chat:2026-02-20:read-TODO-topology-library.md-and-proceed-as-planned,2026-02-20T10:52:51Z
org.opennms.netmgt.enlinkd.EnLinkdSnmpIT#testOspfTableTracker#A0006,OSPF SNMP tracker/parser behavior is outside current topology engine scope.,features/enlinkd/tests/src/test/java/org/opennms/netmgt/enlinkd/EnLinkdSnmpIT.java,org.opennms.netmgt.enlinkd.EnLinkdSnmpIT::testOspfTableTracker,chat:2026-02-20:read-TODO-topology-library.md-and-proceed-as-planned,2026-02-20T10:52:51Z
org.opennms.netmgt.enlinkd.Nms0001EnIT#testIsIsLinks#A0001,ISIS topology behavior is outside current topology engine scope.,features/enlinkd/tests/src/test/java/org/opennms/netmgt/enlinkd/Nms0001EnIT.java,org.opennms.netmgt.enlinkd.Nms0001EnIT::testIsIsLinks,chat:2026-02-20:read-TODO-topology-library.md-and-proceed-as-planned,2026-02-20T10:52:51Z
org.opennms.netmgt.enlinkd.Nms0001EnIT#testIsIsLinks#A0002,ISIS topology behavior is outside current topology engine scope.,features/enlinkd/tests/src/test/java/org/opennms/netmgt/enlinkd/Nms0001EnIT.java,org.opennms.netmgt.enlinkd.Nms0001EnIT::testIsIsLinks,chat:2026-02-20:read-TODO-topology-library.md-and-proceed-as-planned,2026-02-20T10:52:51Z
org.opennms.netmgt.enlinkd.Nms0001EnIT#testIsIsLinks#A0003,ISIS topology behavior is outside current topology engine scope.,features/enlinkd/tests/src/test/java/org/opennms/netmgt/enlinkd/Nms0001EnIT.java,org.opennms.netmgt.enlinkd.Nms0001EnIT::testIsIsLinks,chat:2026-02-20:read-TODO-topology-library.md-and-proceed-as-planned,2026-02-20T10:52:51Z
org.opennms.netmgt.enlinkd.Nms0001EnIT#testIsIsLinks#A0004,ISIS topology behavior is outside current topology engine scope.,features/enlinkd/tests/src/test/java/org/opennms/netmgt/enlinkd/Nms0001EnIT.java,org.opennms.netmgt.enlinkd.Nms0001EnIT::testIsIsLinks,chat:2026-02-20:read-TODO-topology-library.md-and-proceed-as-planned,2026-02-20T10:52:51Z
org.opennms.netmgt.enlinkd.Nms0001EnIT#testIsIsLinks#A0005,ISIS topology behavior is outside current topology engine scope.,features/enlinkd/tests/src/test/java/org/opennms/netmgt/enlinkd/Nms0001EnIT.java,org.opennms.netmgt.enlinkd.Nms0001EnIT::testIsIsLinks,chat:2026-02-20:read-TODO-topology-library.md-and-proceed-as-planned,2026-02-20T10:52:51Z
org.opennms.netmgt.enlinkd.Nms0001EnIT#testIsIsLinks#A0006,ISIS topology behavior is outside current topology engine scope.,features/enlinkd/tests/src/test/java/org/opennms/netmgt/enlinkd/Nms0001EnIT.java,org.opennms.netmgt.enlinkd.Nms0001EnIT::testIsIsLinks,chat:2026-02-20:read-TODO-topology-library.md-and-proceed-as-planned,2026-02-20T10:52:51Z
org.opennms.netmgt.enlinkd.Nms0001EnIT#testIsIsLinks#A0007,ISIS topology behavior is outside current topology engine scope.,features/enlinkd/tests/src/test/java/org/opennms/netmgt/enlinkd/Nms0001EnIT.java,org.opennms.netmgt.enlinkd.Nms0001EnIT::testIsIsLinks,chat:2026-02-20:read-TODO-topology-library.md-and-proceed-as-planned,2026-02-20T10:52:51Z
org.opennms.netmgt.enlinkd.Nms0001EnIT#testIsIsLinks#A0008,ISIS topology behavior is outside current topology engine scope.,features/enlinkd/tests/src/test/java/org/opennms/netmgt/enlinkd/Nms0001EnIT.java,org.opennms.netmgt.enlinkd.Nms0001EnIT::testIsIsLinks,chat:2026-02-20:read-TODO-topology-library.md-and-proceed-as-planned,2026-02-20T10:52:51Z
org.opennms.netmgt.enlinkd.Nms0001EnIT#testIsIsLinks#A0009,ISIS topology behavior is outside current topology engine scope.,features/enlinkd/tests/src/test/java/org/opennms/netmgt/enlinkd/Nms0001EnIT.java,org.opennms.netmgt.enlinkd.Nms0001EnIT::testIsIsLinks,chat:2026-02-20:read-TODO-topology-library.md-and-proceed-as-planned,2026-02-20T10:52:51Z
org.opennms.netmgt.enlinkd.Nms0001EnIT#testIsIsLinks#A0010,ISIS topology behavior is outside current topology engine scope.,features/enlinkd/tests/src/test/java/org/opennms/netmgt/enlinkd/Nms0001EnIT.java,org.opennms.netmgt.enlinkd.Nms0001EnIT::testIsIsLinks,chat:2026-02-20:read-TODO-topology-library.md-and-proceed-as-planned,2026-02-20T10:52:51Z
org.opennms.netmgt.enlinkd.Nms0001EnIT#testIsIsLinks#A0011,ISIS topology behavior is outside current topology engine scope.,features/enlinkd/tests/src/test/java/org/opennms/netmgt/enlinkd/Nms0001EnIT.java,org.opennms.netmgt.enlinkd.Nms0001EnIT::testIsIsLinks,chat:2026-02-20:read-TODO-topology-library.md-and-proceed-as-planned,2026-02-20T10:52:51Z
org.opennms.netmgt.enlinkd.Nms0001EnIT#testIsIsLinks#A0012,ISIS topology behavior is outside current topology engine scope.,features/enlinkd/tests/src/test/java/org/opennms/netmgt/enlinkd/Nms0001EnIT.java,org.opennms.netmgt.enlinkd.Nms0001EnIT::testIsIsLinks,chat:2026-02-20:read-TODO-topology-library.md-and-proceed-as-planned,2026-02-20T10:52:51Z
org.opennms.netmgt.enlinkd.Nms0001EnIT#testIsIsLinks#A0013,ISIS topology behavior is outside current topology engine scope.,features/enlinkd/tests/src/test/java/org/opennms/netmgt/enlinkd/Nms0001EnIT.java,org.opennms.netmgt.enlinkd.Nms0001EnIT::testIsIsLinks,chat:2026-02-20:read-TODO-topology-library.md-and-proceed-as-planned,2026-02-20T10:52:51Z
org.opennms.netmgt.enlinkd.Nms0001EnIT#testIsIsLinksExec#A0001,ISIS topology behavior is outside current topology engine scope.,features/enlinkd/tests/src/test/java/org/opennms/netmgt/enlinkd/Nms0001EnIT.java,org.opennms.netmgt.enlinkd.Nms0001EnIT::testIsIsLinksExec,chat:2026-02-20:read-TODO-topology-library.md-and-proceed-as-planned,2026-02-20T10:52:51Z
org.opennms.netmgt.enlinkd.Nms0001EnIT#testIsIsLinksExec#A0002,ISIS topology behavior is outside current topology engine scope.,features/enlinkd/tests/src/test/java/org/opennms/netmgt/enlinkd/Nms0001EnIT.java,org.opennms.netmgt.enlinkd.Nms0001EnIT::testIsIsLinksExec,chat:2026-02-20:read-TODO-topology-library.md-and-proceed-as-planned,2026-02-20T10:52:51Z
org.opennms.netmgt.enlinkd.Nms0001EnIT#testIsIsLinksExec#A0003,ISIS topology behavior is outside current topology engine scope.,features/enlinkd/tests/src/test/java/org/opennms/netmgt/enlinkd/Nms0001EnIT.java,org.opennms.netmgt.enlinkd.Nms0001EnIT::testIsIsLinksExec,chat:2026-02-20:read-TODO-topology-library.md-and-proceed-as-planned,2026-02-20T10:52:51Z
org.opennms.netmgt.enlinkd.Nms0001EnIT#testIsIsLinksExec#A0004,ISIS topology behavior is outside current topology engine scope.,features/enlinkd/tests/src/test/java/org/opennms/netmgt/enlinkd/Nms0001EnIT.java,org.opennms.netmgt.enlinkd.Nms0001EnIT::testIsIsLinksExec,chat:2026-02-20:read-TODO-topology-library.md-and-proceed-as-planned,2026-02-20T10:52:51Z
org.opennms.netmgt.enlinkd.Nms0001EnIT#testIsIsLinksExec#A0005,ISIS topology behavior is outside current topology engine scope.,features/enlinkd/tests/src/test/java/org/opennms/netmgt/enlinkd/Nms0001EnIT.java,org.opennms.netmgt.enlinkd.Nms0001EnIT::testIsIsLinksExec,chat:2026-02-20:read-TODO-topology-library.md-and-proceed-as-planned,2026-02-20T10:52:51Z
org.opennms.netmgt.enlinkd.Nms0001EnIT#testIsIsLinksExec#A0006,ISIS topology behavior is outside current topology engine scope.,features/enlinkd/tests/src/test/java/org/opennms/netmgt/enlinkd/Nms0001EnIT.java,org.opennms.netmgt.enlinkd.Nms0001EnIT::testIsIsLinksExec,chat:2026-02-20:read-TODO-topology-library.md-and-proceed-as-planned,2026-02-20T10:52:51Z
org.opennms.netmgt.enlinkd.Nms0001EnIT#testIsIsLinksExec#A0007,ISIS topology behavior is outside current topology engine scope.,features/enlinkd/tests/src/test/java/org/opennms/netmgt/enlinkd/Nms0001EnIT.java,org.opennms.netmgt.enlinkd.Nms0001EnIT::testIsIsLinksExec,chat:2026-02-20:read-TODO-topology-library.md-and-proceed-as-planned,2026-02-20T10:52:51Z
org.opennms.netmgt.enlinkd.Nms0001EnIT#testIsIsLinksExec#A0008,ISIS topology behavior is outside current topology engine scope.,features/enlinkd/tests/src/test/java/org/opennms/netmgt/enlinkd/Nms0001EnIT.java,org.opennms.netmgt.enlinkd.Nms0001EnIT::testIsIsLinksExec,chat:2026-02-20:read-TODO-topology-library.md-and-proceed-as-planned,2026-02-20T10:52:51Z
org.opennms.netmgt.enlinkd.Nms0001EnIT#testIsIsLinksExec#A0009,ISIS topology behavior is outside current topology engine scope.,features/enlinkd/tests/src/test/java/org/opennms/netmgt/enlinkd/Nms0001EnIT.java,org.opennms.netmgt.enlinkd.Nms0001EnIT::testIsIsLinksExec,chat:2026-02-20:read-TODO-topology-library.md-and-proceed-as-planned,2026-02-20T10:52:51Z
org.opennms.netmgt.enlinkd.Nms0001EnIT#testIsIsLinksExec#A0010,ISIS topology behavior is outside current topology engine scope.,features/enlinkd/tests/src/test/java/org/opennms/netmgt/enlinkd/Nms0001EnIT.java,org.opennms.netmgt.enlinkd.Nms0001EnIT::testIsIsLinksExec,chat:2026-02-20:read-TODO-topology-library.md-and-proceed-as-planned,2026-02-20T10:52:51Z
org.opennms.netmgt.enlinkd.Nms0001EnIT#testIsIsLinksExec#A0011,ISIS topology behavior is outside current topology engine scope.,features/enlinkd/tests/src/test/java/org/opennms/netmgt/enlinkd/Nms0001EnIT.java,org.opennms.netmgt.enlinkd.Nms0001EnIT::testIsIsLinksExec,chat:2026-02-20:read-TODO-topology-library.md-and-proceed-as-planned,2026-02-20T10:52:51Z
org.opennms.netmgt.enlinkd.Nms10205bEnIT#testNetwork10205bOspfLinks#A0001,OSPF link discovery behavior is outside current topology engine scope.,features/enlinkd/tests/src/test/java/org/opennms/netmgt/enlinkd/Nms10205bEnIT.java,org.opennms.netmgt.enlinkd.Nms10205bEnIT::testNetwork10205bOspfLinks,chat:2026-02-20:read-TODO-topology-library.md-and-proceed-as-planned,2026-02-20T10:52:51Z
org.opennms.netmgt.enlinkd.Nms10205bEnIT#testNetwork10205bOspfLinks#A0002,OSPF link discovery behavior is outside current topology engine scope.,features/enlinkd/tests/src/test/java/org/opennms/netmgt/enlinkd/Nms10205bEnIT.java,org.opennms.netmgt.enlinkd.Nms10205bEnIT::testNetwork10205bOspfLinks,chat:2026-02-20:read-TODO-topology-library.md-and-proceed-as-planned,2026-02-20T10:52:51Z
org.opennms.netmgt.enlinkd.Nms10205bEnIT#testNetwork10205bOspfLinks#A0003,OSPF link discovery behavior is outside current topology engine scope.,features/enlinkd/tests/src/test/java/org/opennms/netmgt/enlinkd/Nms10205bEnIT.java,org.opennms.netmgt.enlinkd.Nms10205bEnIT::testNetwork10205bOspfLinks,chat:2026-02-20:read-TODO-topology-library.md-and-proceed-as-planned,2026-02-20T10:52:51Z
org.opennms.netmgt.enlinkd.Nms10205bEnIT#testNetwork10205bOspfLinks#A0004,OSPF link discovery behavior is outside current topology engine scope.,features/enlinkd/tests/src/test/java/org/opennms/netmgt/enlinkd/Nms10205bEnIT.java,org.opennms.netmgt.enlinkd.Nms10205bEnIT::testNetwork10205bOspfLinks,chat:2026-02-20:read-TODO-topology-library.md-and-proceed-as-planned,2026-02-20T10:52:51Z
org.opennms.netmgt.enlinkd.Nms10205bEnIT#testNetwork10205bOspfLinks#A0005,OSPF link discovery behavior is outside current topology engine scope.,features/enlinkd/tests/src/test/java/org/opennms/netmgt/enlinkd/Nms10205bEnIT.java,org.opennms.netmgt.enlinkd.Nms10205bEnIT::testNetwork10205bOspfLinks,chat:2026-02-20:read-TODO-topology-library.md-and-proceed-as-planned,2026-02-20T10:52:51Z
org.opennms.netmgt.enlinkd.Nms10205bEnIT#testNetwork10205bOspfLinks#A0006,OSPF link discovery behavior is outside current topology engine scope.,features/enlinkd/tests/src/test/java/org/opennms/netmgt/enlinkd/Nms10205bEnIT.java,org.opennms.netmgt.enlinkd.Nms10205bEnIT::testNetwork10205bOspfLinks,chat:2026-02-20:read-TODO-topology-library.md-and-proceed-as-planned,2026-02-20T10:52:51Z
org.opennms.netmgt.enlinkd.Nms10205bEnIT#testNetwork10205bOspfLinks#A0007,OSPF link discovery behavior is outside current topology engine scope.,features/enlinkd/tests/src/test/java/org/opennms/netmgt/enlinkd/Nms10205bEnIT.java,org.opennms.netmgt.enlinkd.Nms10205bEnIT::testNetwork10205bOspfLinks,chat:2026-02-20:read-TODO-topology-library.md-and-proceed-as-planned,2026-02-20T10:52:51Z
org.opennms.netmgt.enlinkd.Nms10205bEnIT#testNetwork10205bOspfLinks#A0008,OSPF link discovery behavior is outside current topology engine scope.,features/enlinkd/tests/src/test/java/org/opennms/netmgt/enlinkd/Nms10205bEnIT.java,org.opennms.netmgt.enlinkd.Nms10205bEnIT::testNetwork10205bOspfLinks,chat:2026-02-20:read-TODO-topology-library.md-and-proceed-as-planned,2026-02-20T10:52:51Z
org.opennms.netmgt.enlinkd.Nms10205bEnIT#testNetwork10205bOspfLinks#A0009,OSPF link discovery behavior is outside current topology engine scope.,features/enlinkd/tests/src/test/java/org/opennms/netmgt/enlinkd/Nms10205bEnIT.java,org.opennms.netmgt.enlinkd.Nms10205bEnIT::testNetwork10205bOspfLinks,chat:2026-02-20:read-TODO-topology-library.md-and-proceed-as-planned,2026-02-20T10:52:51Z
org.opennms.netmgt.enlinkd.Nms10205bEnIT#testNetwork10205bOspfLinks#A0010,OSPF link discovery behavior is outside current topology engine scope.,features/enlinkd/tests/src/test/java/org/opennms/netmgt/enlinkd/Nms10205bEnIT.java,org.opennms.netmgt.enlinkd.Nms10205bEnIT::testNetwork10205bOspfLinks,chat:2026-02-20:read-TODO-topology-library.md-and-proceed-as-planned,2026-02-20T10:52:51Z
org.opennms.netmgt.enlinkd.Nms10205bEnIT#testNetwork10205bOspfLinks#A0011,OSPF link discovery behavior is outside current topology engine scope.,features/enlinkd/tests/src/test/java/org/opennms/netmgt/enlinkd/Nms10205bEnIT.java,org.opennms.netmgt.enlinkd.Nms10205bEnIT::testNetwork10205bOspfLinks,chat:2026-02-20:read-TODO-topology-library.md-and-proceed-as-planned,2026-02-20T10:52:51Z
org.opennms.netmgt.enlinkd.Nms10205bEnIT#testNetwork10205bOspfLinks#A0012,OSPF link discovery behavior is outside current topology engine scope.,features/enlinkd/tests/src/test/java/org/opennms/netmgt/enlinkd/Nms10205bEnIT.java,org.opennms.netmgt.enlinkd.Nms10205bEnIT::testNetwork10205bOspfLinks,chat:2026-02-20:read-TODO-topology-library.md-and-proceed-as-planned,2026-02-20T10:52:51Z
org.opennms.netmgt.enlinkd.Nms10205bEnIT#testNetwork10205bOspfLinks#A0013,OSPF link discovery behavior is outside current topology engine scope.,features/enlinkd/tests/src/test/java/org/opennms/netmgt/enlinkd/Nms10205bEnIT.java,org.opennms.netmgt.enlinkd.Nms10205bEnIT::testNetwork10205bOspfLinks,chat:2026-02-20:read-TODO-topology-library.md-and-proceed-as-planned,2026-02-20T10:52:51Z
org.opennms.netmgt.enlinkd.Nms10205bEnIT#testNetwork10205bOspfLinks#A0014,OSPF link discovery behavior is outside current topology engine scope.,features/enlinkd/tests/src/test/java/org/opennms/netmgt/enlinkd/Nms10205bEnIT.java,org.opennms.netmgt.enlinkd.Nms10205bEnIT::testNetwork10205bOspfLinks,chat:2026-02-20:read-TODO-topology-library.md-and-proceed-as-planned,2026-02-20T10:52:51Z
org.opennms.netmgt.enlinkd.Nms10205bEnIT#testNetwork10205bOspfLinks#A0015,OSPF link discovery behavior is outside current topology engine scope.,features/enlinkd/tests/src/test/java/org/opennms/netmgt/enlinkd/Nms10205bEnIT.java,org.opennms.netmgt.enlinkd.Nms10205bEnIT::testNetwork10205bOspfLinks,chat:2026-02-20:read-TODO-topology-library.md-and-proceed-as-planned,2026-02-20T10:52:51Z
org.opennms.netmgt.enlinkd.Nms10205bEnIT#testNetwork10205bOspfLinks#A0016,OSPF link discovery behavior is outside current topology engine scope.,features/enlinkd/tests/src/test/java/org/opennms/netmgt/enlinkd/Nms10205bEnIT.java,org.opennms.netmgt.enlinkd.Nms10205bEnIT::testNetwork10205bOspfLinks,chat:2026-02-20:read-TODO-topology-library.md-and-proceed-as-planned,2026-02-20T10:52:51Z
org.opennms.netmgt.enlinkd.Nms10205bEnIT#testNetwork10205bOspfLinks#A0017,OSPF link discovery behavior is outside current topology engine scope.,features/enlinkd/tests/src/test/java/org/opennms/netmgt/enlinkd/Nms10205bEnIT.java,org.opennms.netmgt.enlinkd.Nms10205bEnIT::testNetwork10205bOspfLinks,chat:2026-02-20:read-TODO-topology-library.md-and-proceed-as-planned,2026-02-20T10:52:51Z
org.opennms.netmgt.enlinkd.Nms10205bEnIT#testNetwork10205bOspfLinks#A0018,OSPF link discovery behavior is outside current topology engine scope.,features/enlinkd/tests/src/test/java/org/opennms/netmgt/enlinkd/Nms10205bEnIT.java,org.opennms.netmgt.enlinkd.Nms10205bEnIT::testNetwork10205bOspfLinks,chat:2026-02-20:read-TODO-topology-library.md-and-proceed-as-planned,2026-02-20T10:52:51Z
org.opennms.netmgt.enlinkd.Nms10205bEnIT#testNetwork10205bOspfLinks#A0019,OSPF link discovery behavior is outside current topology engine scope.,features/enlinkd/tests/src/test/java/org/opennms/netmgt/enlinkd/Nms10205bEnIT.java,org.opennms.netmgt.enlinkd.Nms10205bEnIT::testNetwork10205bOspfLinks,chat:2026-02-20:read-TODO-topology-library.md-and-proceed-as-planned,2026-02-20T10:52:51Z
org.opennms.netmgt.enlinkd.Nms10205bEnIT#testNetwork10205bOspfLinks#A0020,OSPF link discovery behavior is outside current topology engine scope.,features/enlinkd/tests/src/test/java/org/opennms/netmgt/enlinkd/Nms10205bEnIT.java,org.opennms.netmgt.enlinkd.Nms10205bEnIT::testNetwork10205bOspfLinks,chat:2026-02-20:read-TODO-topology-library.md-and-proceed-as-planned,2026-02-20T10:52:51Z
org.opennms.netmgt.enlinkd.Nms10205bEnIT#testNetwork10205bOspfLinks#A0021,OSPF link discovery behavior is outside current topology engine scope.,features/enlinkd/tests/src/test/java/org/opennms/netmgt/enlinkd/Nms10205bEnIT.java,org.opennms.netmgt.enlinkd.Nms10205bEnIT::testNetwork10205bOspfLinks,chat:2026-02-20:read-TODO-topology-library.md-and-proceed-as-planned,2026-02-20T10:52:51Z
org.opennms.netmgt.enlinkd.Nms10205bEnIT#testNetwork10205bOspfLinks#A0022,OSPF link discovery behavior is outside current topology engine scope.,features/enlinkd/tests/src/test/java/org/opennms/netmgt/enlinkd/Nms10205bEnIT.java,org.opennms.netmgt.enlinkd.Nms10205bEnIT::testNetwork10205bOspfLinks,chat:2026-02-20:read-TODO-topology-library.md-and-proceed-as-planned,2026-02-20T10:52:51Z
org.opennms.netmgt.enlinkd.Nms10205bEnIT#testNetwork10205bOspfLinks#A0023,OSPF link discovery behavior is outside current topology engine scope.,features/enlinkd/tests/src/test/java/org/opennms/netmgt/enlinkd/Nms10205bEnIT.java,org.opennms.netmgt.enlinkd.Nms10205bEnIT::testNetwork10205bOspfLinks,chat:2026-02-20:read-TODO-topology-library.md-and-proceed-as-planned,2026-02-20T10:52:51Z
org.opennms.netmgt.enlinkd.Nms10205bEnIT#testNetwork10205bOspfLinks#A0024,OSPF link discovery behavior is outside current topology engine scope.,features/enlinkd/tests/src/test/java/org/opennms/netmgt/enlinkd/Nms10205bEnIT.java,org.opennms.netmgt.enlinkd.Nms10205bEnIT::testNetwork10205bOspfLinks,chat:2026-02-20:read-TODO-topology-library.md-and-proceed-as-planned,2026-02-20T10:52:51Z
org.opennms.netmgt.enlinkd.Nms10205bEnIT#testNetwork10205bOspfLinks#A0025,OSPF link discovery behavior is outside current topology engine scope.,features/enlinkd/tests/src/test/java/org/opennms/netmgt/enlinkd/Nms10205bEnIT.java,org.opennms.netmgt.enlinkd.Nms10205bEnIT::testNetwork10205bOspfLinks,chat:2026-02-20:read-TODO-topology-library.md-and-proceed-as-planned,2026-02-20T10:52:51Z
org.opennms.netmgt.enlinkd.Nms10205bEnIT#testNetwork10205bOspfLinks#A0026,OSPF link discovery behavior is outside current topology engine scope.,features/enlinkd/tests/src/test/java/org/opennms/netmgt/enlinkd/Nms10205bEnIT.java,org.opennms.netmgt.enlinkd.Nms10205bEnIT::testNetwork10205bOspfLinks,chat:2026-02-20:read-TODO-topology-library.md-and-proceed-as-planned,2026-02-20T10:52:51Z
org.opennms.netmgt.enlinkd.Nms10205bEnIT#testNetwork10205bOspfLinks#A0027,OSPF link discovery behavior is outside current topology engine scope.,features/enlinkd/tests/src/test/java/org/opennms/netmgt/enlinkd/Nms10205bEnIT.java,org.opennms.netmgt.enlinkd.Nms10205bEnIT::testNetwork10205bOspfLinks,chat:2026-02-20:read-TODO-topology-library.md-and-proceed-as-planned,2026-02-20T10:52:51Z
org.opennms.netmgt.enlinkd.Nms10205bEnIT#testNetwork10205bOspfLinks#A0028,OSPF link discovery behavior is outside current topology engine scope.,features/enlinkd/tests/src/test/java/org/opennms/netmgt/enlinkd/Nms10205bEnIT.java,org.opennms.netmgt.enlinkd.Nms10205bEnIT::testNetwork10205bOspfLinks,chat:2026-02-20:read-TODO-topology-library.md-and-proceed-as-planned,2026-02-20T10:52:51Z
org.opennms.netmgt.enlinkd.Nms10205bEnIT#testNetwork10205bOspfLinks#A0029,OSPF link discovery behavior is outside current topology engine scope.,features/enlinkd/tests/src/test/java/org/opennms/netmgt/enlinkd/Nms10205bEnIT.java,org.opennms.netmgt.enlinkd.Nms10205bEnIT::testNetwork10205bOspfLinks,chat:2026-02-20:read-TODO-topology-library.md-and-proceed-as-planned,2026-02-20T10:52:51Z
org.opennms.netmgt.enlinkd.Nms10205bEnIT#testNetwork10205bOspfLinks#A0030,OSPF link discovery behavior is outside current topology engine scope.,features/enlinkd/tests/src/test/java/org/opennms/netmgt/enlinkd/Nms10205bEnIT.java,org.opennms.netmgt.enlinkd.Nms10205bEnIT::testNetwork10205bOspfLinks,chat:2026-02-20:read-TODO-topology-library.md-and-proceed-as-planned,2026-02-20T10:52:51Z
org.opennms.netmgt.enlinkd.Nms10205bEnIT#testNetwork10205bOspfLinks#A0031,OSPF link discovery behavior is outside current topology engine scope.,features/enlinkd/tests/src/test/java/org/opennms/netmgt/enlinkd/Nms10205bEnIT.java,org.opennms.netmgt.enlinkd.Nms10205bEnIT::testNetwork10205bOspfLinks,chat:2026-02-20:read-TODO-topology-library.md-and-proceed-as-planned,2026-02-20T10:52:51Z
org.opennms.netmgt.enlinkd.Nms10205bEnIT#testNetwork10205bOspfLinks#A0032,OSPF link discovery behavior is outside current topology engine scope.,features/enlinkd/tests/src/test/java/org/opennms/netmgt/enlinkd/Nms10205bEnIT.java,org.opennms.netmgt.enlinkd.Nms10205bEnIT::testNetwork10205bOspfLinks,chat:2026-02-20:read-TODO-topology-library.md-and-proceed-as-planned,2026-02-20T10:52:51Z
org.opennms.netmgt.enlinkd.Nms10205bEnIT#testNetwork10205bOspfLinks#A0033,OSPF link discovery behavior is outside current topology engine scope.,features/enlinkd/tests/src/test/java/org/opennms/netmgt/enlinkd/Nms10205bEnIT.java,org.opennms.netmgt.enlinkd.Nms10205bEnIT::testNetwork10205bOspfLinks,chat:2026-02-20:read-TODO-topology-library.md-and-proceed-as-planned,2026-02-20T10:52:51Z
org.opennms.netmgt.enlinkd.Nms10205bEnIT#testNetwork10205bOspfLinks#A0034,OSPF link discovery behavior is outside current topology engine scope.,features/enlinkd/tests/src/test/java/org/opennms/netmgt/enlinkd/Nms10205bEnIT.java,org.opennms.netmgt.enlinkd.Nms10205bEnIT::testNetwork10205bOspfLinks,chat:2026-02-20:read-TODO-topology-library.md-and-proceed-as-planned,2026-02-20T10:52:51Z
org.opennms.netmgt.enlinkd.Nms10205bEnIT#testNetwork10205bOspfLinks#A0035,OSPF link discovery behavior is outside current topology engine scope.,features/enlinkd/tests/src/test/java/org/opennms/netmgt/enlinkd/Nms10205bEnIT.java,org.opennms.netmgt.enlinkd.Nms10205bEnIT::testNetwork10205bOspfLinks,chat:2026-02-20:read-TODO-topology-library.md-and-proceed-as-planned,2026-02-20T10:52:51Z
org.opennms.netmgt.enlinkd.Nms10205bEnIT#testNetwork10205bOspfLinks#A0036,OSPF link discovery behavior is outside current topology engine scope.,features/enlinkd/tests/src/test/java/org/opennms/netmgt/enlinkd/Nms10205bEnIT.java,org.opennms.netmgt.enlinkd.Nms10205bEnIT::testNetwork10205bOspfLinks,chat:2026-02-20:read-TODO-topology-library.md-and-proceed-as-planned,2026-02-20T10:52:51Z
org.opennms.netmgt.enlinkd.Nms10205bEnIT#testNetwork10205bOspfLinks#A0037,OSPF link discovery behavior is outside current topology engine scope.,features/enlinkd/tests/src/test/java/org/opennms/netmgt/enlinkd/Nms10205bEnIT.java,org.opennms.netmgt.enlinkd.Nms10205bEnIT::testNetwork10205bOspfLinks,chat:2026-02-20:read-TODO-topology-library.md-and-proceed-as-planned,2026-02-20T10:52:51Z
org.opennms.netmgt.enlinkd.Nms10205bEnIT#testNetwork10205bOspfLinks#A0038,OSPF link discovery behavior is outside current topology engine scope.,features/enlinkd/tests/src/test/java/org/opennms/netmgt/enlinkd/Nms10205bEnIT.java,org.opennms.netmgt.enlinkd.Nms10205bEnIT::testNetwork10205bOspfLinks,chat:2026-02-20:read-TODO-topology-library.md-and-proceed-as-planned,2026-02-20T10:52:51Z
org.opennms.netmgt.enlinkd.Nms10205bEnIT#testNetwork10205bOspfLinks#A0039,OSPF link discovery behavior is outside current topology engine scope.,features/enlinkd/tests/src/test/java/org/opennms/netmgt/enlinkd/Nms10205bEnIT.java,org.opennms.netmgt.enlinkd.Nms10205bEnIT::testNetwork10205bOspfLinks,chat:2026-02-20:read-TODO-topology-library.md-and-proceed-as-planned,2026-02-20T10:52:51Z
org.opennms.netmgt.enlinkd.Nms10205bEnIT#testNetwork10205bOspfLinks#A0040,OSPF link discovery behavior is outside current topology engine scope.,features/enlinkd/tests/src/test/java/org/opennms/netmgt/enlinkd/Nms10205bEnIT.java,org.opennms.netmgt.enlinkd.Nms10205bEnIT::testNetwork10205bOspfLinks,chat:2026-02-20:read-TODO-topology-library.md-and-proceed-as-planned,2026-02-20T10:52:51Z
org.opennms.netmgt.enlinkd.Nms10205bEnIT#testNetwork10205bOspfLinks#A0041,OSPF link discovery behavior is outside current topology engine scope.,features/enlinkd/tests/src/test/java/org/opennms/netmgt/enlinkd/Nms10205bEnIT.java,org.opennms.netmgt.enlinkd.Nms10205bEnIT::testNetwork10205bOspfLinks,chat:2026-02-20:read-TODO-topology-library.md-and-proceed-as-planned,2026-02-20T10:52:51Z
org.opennms.netmgt.enlinkd.Nms10205bEnIT#testNetwork10205bOspfLinks#A0042,OSPF link discovery behavior is outside current topology engine scope.,features/enlinkd/tests/src/test/java/org/opennms/netmgt/enlinkd/Nms10205bEnIT.java,org.opennms.netmgt.enlinkd.Nms10205bEnIT::testNetwork10205bOspfLinks,chat:2026-02-20:read-TODO-topology-library.md-and-proceed-as-planned,2026-02-20T10:52:51Z
org.opennms.netmgt.enlinkd.Nms10205bEnIT#testNetwork10205bOspfLinks#A0043,OSPF link discovery behavior is outside current topology engine scope.,features/enlinkd/tests/src/test/java/org/opennms/netmgt/enlinkd/Nms10205bEnIT.java,org.opennms.netmgt.enlinkd.Nms10205bEnIT::testNetwork10205bOspfLinks,chat:2026-02-20:read-TODO-topology-library.md-and-proceed-as-planned,2026-02-20T10:52:51Z
org.opennms.netmgt.enlinkd.Nms10205bEnIT#testNetwork10205bOspfLinks#A0044,OSPF link discovery behavior is outside current topology engine scope.,features/enlinkd/tests/src/test/java/org/opennms/netmgt/enlinkd/Nms10205bEnIT.java,org.opennms.netmgt.enlinkd.Nms10205bEnIT::testNetwork10205bOspfLinks,chat:2026-02-20:read-TODO-topology-library.md-and-proceed-as-planned,2026-02-20T10:52:51Z
org.opennms.netmgt.enlinkd.Nms10205bEnIT#testNetwork10205bOspfLinks#A0045,OSPF link discovery behavior is outside current topology engine scope.,features/enlinkd/tests/src/test/java/org/opennms/netmgt/enlinkd/Nms10205bEnIT.java,org.opennms.netmgt.enlinkd.Nms10205bEnIT::testNetwork10205bOspfLinks,chat:2026-02-20:read-TODO-topology-library.md-and-proceed-as-planned,2026-02-20T10:52:51Z
org.opennms.netmgt.enlinkd.Nms10205bEnIT#testNetwork10205bOspfLinks#A0046,OSPF link discovery behavior is outside current topology engine scope.,features/enlinkd/tests/src/test/java/org/opennms/netmgt/enlinkd/Nms10205bEnIT.java,org.opennms.netmgt.enlinkd.Nms10205bEnIT::testNetwork10205bOspfLinks,chat:2026-02-20:read-TODO-topology-library.md-and-proceed-as-planned,2026-02-20T10:52:51Z
org.opennms.netmgt.enlinkd.Nms10205bEnIT#testNetwork10205bOspfLinks#A0047,OSPF link discovery behavior is outside current topology engine scope.,features/enlinkd/tests/src/test/java/org/opennms/netmgt/enlinkd/Nms10205bEnIT.java,org.opennms.netmgt.enlinkd.Nms10205bEnIT::testNetwork10205bOspfLinks,chat:2026-02-20:read-TODO-topology-library.md-and-proceed-as-planned,2026-02-20T10:52:51Z
org.opennms.netmgt.enlinkd.Nms10205bEnIT#testNetwork10205bOspfLinks#A0048,OSPF link discovery behavior is outside current topology engine scope.,features/enlinkd/tests/src/test/java/org/opennms/netmgt/enlinkd/Nms10205bEnIT.java,org.opennms.netmgt.enlinkd.Nms10205bEnIT::testNetwork10205bOspfLinks,chat:2026-02-20:read-TODO-topology-library.md-and-proceed-as-planned,2026-02-20T10:52:51Z
org.opennms.netmgt.enlinkd.Nms10205bEnIT#testNetwork10205bOspfLinks#A0049,OSPF link discovery behavior is outside current topology engine scope.,features/enlinkd/tests/src/test/java/org/opennms/netmgt/enlinkd/Nms10205bEnIT.java,org.opennms.netmgt.enlinkd.Nms10205bEnIT::testNetwork10205bOspfLinks,chat:2026-02-20:read-TODO-topology-library.md-and-proceed-as-planned,2026-02-20T10:52:51Z
org.opennms.netmgt.enlinkd.Nms10205bEnIT#testNetwork10205bOspfLinks#A0050,OSPF link discovery behavior is outside current topology engine scope.,features/enlinkd/tests/src/test/java/org/opennms/netmgt/enlinkd/Nms10205bEnIT.java,org.opennms.netmgt.enlinkd.Nms10205bEnIT::testNetwork10205bOspfLinks,chat:2026-02-20:read-TODO-topology-library.md-and-proceed-as-planned,2026-02-20T10:52:51Z
org.opennms.netmgt.enlinkd.Nms10205bEnIT#testNetwork10205bOspfLinks#A0051,OSPF link discovery behavior is outside current topology engine scope.,features/enlinkd/tests/src/test/java/org/opennms/netmgt/enlinkd/Nms10205bEnIT.java,org.opennms.netmgt.enlinkd.Nms10205bEnIT::testNetwork10205bOspfLinks,chat:2026-02-20:read-TODO-topology-library.md-and-proceed-as-planned,2026-02-20T10:52:51Z
org.opennms.netmgt.enlinkd.Nms10205bEnIT#testNetwork10205bOspfLinks#A0052,OSPF link discovery behavior is outside current topology engine scope.,features/enlinkd/tests/src/test/java/org/opennms/netmgt/enlinkd/Nms10205bEnIT.java,org.opennms.netmgt.enlinkd.Nms10205bEnIT::testNetwork10205bOspfLinks,chat:2026-02-20:read-TODO-topology-library.md-and-proceed-as-planned,2026-02-20T10:52:51Z
org.opennms.netmgt.enlinkd.Nms10205bEnIT#testNetwork10205bOspfLinks#A0053,OSPF link discovery behavior is outside current topology engine scope.,features/enlinkd/tests/src/test/java/org/opennms/netmgt/enlinkd/Nms10205bEnIT.java,org.opennms.netmgt.enlinkd.Nms10205bEnIT::testNetwork10205bOspfLinks,chat:2026-02-20:read-TODO-topology-library.md-and-proceed-as-planned,2026-02-20T10:52:51Z
org.opennms.netmgt.enlinkd.Nms10205bEnIT#testNetwork10205bOspfLinks#A0054,OSPF link discovery behavior is outside current topology engine scope.,features/enlinkd/tests/src/test/java/org/opennms/netmgt/enlinkd/Nms10205bEnIT.java,org.opennms.netmgt.enlinkd.Nms10205bEnIT::testNetwork10205bOspfLinks,chat:2026-02-20:read-TODO-topology-library.md-and-proceed-as-planned,2026-02-20T10:52:51Z
org.opennms.netmgt.enlinkd.Nms10205bEnIT#testNetwork10205bOspfLinks#A0055,OSPF link discovery behavior is outside current topology engine scope.,features/enlinkd/tests/src/test/java/org/opennms/netmgt/enlinkd/Nms10205bEnIT.java,org.opennms.netmgt.enlinkd.Nms10205bEnIT::testNetwork10205bOspfLinks,chat:2026-02-20:read-TODO-topology-library.md-and-proceed-as-planned,2026-02-20T10:52:51Z
org.opennms.netmgt.enlinkd.Nms10205bEnIT#testNetwork10205bOspfLinks#A0056,OSPF link discovery behavior is outside current topology engine scope.,features/enlinkd/tests/src/test/java/org/opennms/netmgt/enlinkd/Nms10205bEnIT.java,org.opennms.netmgt.enlinkd.Nms10205bEnIT::testNetwork10205bOspfLinks,chat:2026-02-20:read-TODO-topology-library.md-and-proceed-as-planned,2026-02-20T10:52:51Z
org.opennms.netmgt.enlinkd.Nms10205bEnIT#testNetwork10205bOspfLinks#A0057,OSPF link discovery behavior is outside current topology engine scope.,features/enlinkd/tests/src/test/java/org/opennms/netmgt/enlinkd/Nms10205bEnIT.java,org.opennms.netmgt.enlinkd.Nms10205bEnIT::testNetwork10205bOspfLinks,chat:2026-02-20:read-TODO-topology-library.md-and-proceed-as-planned,2026-02-20T10:52:51Z
org.opennms.netmgt.enlinkd.Nms10205bEnIT#testNetwork10205bOspfLinks#A0058,OSPF link discovery behavior is outside current topology engine scope.,features/enlinkd/tests/src/test/java/org/opennms/netmgt/enlinkd/Nms10205bEnIT.java,org.opennms.netmgt.enlinkd.Nms10205bEnIT::testNetwork10205bOspfLinks,chat:2026-02-20:read-TODO-topology-library.md-and-proceed-as-planned,2026-02-20T10:52:51Z
org.opennms.netmgt.enlinkd.Nms10205bEnIT#testNetwork10205bOspfLinks#A0059,OSPF link discovery behavior is outside current topology engine scope.,features/enlinkd/tests/src/test/java/org/opennms/netmgt/enlinkd/Nms10205bEnIT.java,org.opennms.netmgt.enlinkd.Nms10205bEnIT::testNetwork10205bOspfLinks,chat:2026-02-20:read-TODO-topology-library.md-and-proceed-as-planned,2026-02-20T10:52:51Z
org.opennms.netmgt.enlinkd.Nms10205bEnIT#testNetwork10205bOspfLinks#A0060,OSPF link discovery behavior is outside current topology engine scope.,features/enlinkd/tests/src/test/java/org/opennms/netmgt/enlinkd/Nms10205bEnIT.java,org.opennms.netmgt.enlinkd.Nms10205bEnIT::testNetwork10205bOspfLinks,chat:2026-02-20:read-TODO-topology-library.md-and-proceed-as-planned,2026-02-20T10:52:51Z
org.opennms.netmgt.enlinkd.Nms10205bEnIT#testNetwork10205bOspfLinks#A0061,OSPF link discovery behavior is outside current topology engine scope.,features/enlinkd/tests/src/test/java/org/opennms/netmgt/enlinkd/Nms10205bEnIT.java,org.opennms.netmgt.enlinkd.Nms10205bEnIT::testNetwork10205bOspfLinks,chat:2026-02-20:read-TODO-topology-library.md-and-proceed-as-planned,2026-02-20T10:52:51Z
org.opennms.netmgt.enlinkd.Nms10205bEnIT#testNetwork10205bOspfLinks#A0062,OSPF link discovery behavior is outside current topology engine scope.,features/enlinkd/tests/src/test/java/org/opennms/netmgt/enlinkd/Nms10205bEnIT.java,org.opennms.netmgt.enlinkd.Nms10205bEnIT::testNetwork10205bOspfLinks,chat:2026-02-20:read-TODO-topology-library.md-and-proceed-as-planned,2026-02-20T10:52:51Z
org.opennms.netmgt.enlinkd.Nms10205bEnIT#testNetwork10205bOspfLinks#A0063,OSPF link discovery behavior is outside current topology engine scope.,features/enlinkd/tests/src/test/java/org/opennms/netmgt/enlinkd/Nms10205bEnIT.java,org.opennms.netmgt.enlinkd.Nms10205bEnIT::testNetwork10205bOspfLinks,chat:2026-02-20:read-TODO-topology-library.md-and-proceed-as-planned,2026-02-20T10:52:51Z
org.opennms.netmgt.enlinkd.Nms10205bEnIT#testNetwork10205bOspfLinks#A0064,OSPF link discovery behavior is outside current topology engine scope.,features/enlinkd/tests/src/test/java/org/opennms/netmgt/enlinkd/Nms10205bEnIT.java,org.opennms.netmgt.enlinkd.Nms10205bEnIT::testNetwork10205bOspfLinks,chat:2026-02-20:read-TODO-topology-library.md-and-proceed-as-planned,2026-02-20T10:52:51Z
org.opennms.netmgt.enlinkd.Nms10205bEnIT#testNetwork10205bOspfLinks#A0065,OSPF link discovery behavior is outside current topology engine scope.,features/enlinkd/tests/src/test/java/org/opennms/netmgt/enlinkd/Nms10205bEnIT.java,org.opennms.netmgt.enlinkd.Nms10205bEnIT::testNetwork10205bOspfLinks,chat:2026-02-20:read-TODO-topology-library.md-and-proceed-as-planned,2026-02-20T10:52:51Z
org.opennms.netmgt.enlinkd.Nms10205bEnIT#testNetwork10205bOspfLinks#A0066,OSPF link discovery behavior is outside current topology engine scope.,features/enlinkd/tests/src/test/java/org/opennms/netmgt/enlinkd/Nms10205bEnIT.java,org.opennms.netmgt.enlinkd.Nms10205bEnIT::testNetwork10205bOspfLinks,chat:2026-02-20:read-TODO-topology-library.md-and-proceed-as-planned,2026-02-20T10:52:51Z
org.opennms.netmgt.enlinkd.Nms10205bEnIT#testNetwork10205bOspfLinks#A0067,OSPF link discovery behavior is outside current topology engine scope.,features/enlinkd/tests/src/test/java/org/opennms/netmgt/enlinkd/Nms10205bEnIT.java,org.opennms.netmgt.enlinkd.Nms10205bEnIT::testNetwork10205bOspfLinks,chat:2026-02-20:read-TODO-topology-library.md-and-proceed-as-planned,2026-02-20T10:52:51Z
org.opennms.netmgt.enlinkd.Nms10205bEnIT#testNetwork10205bOspfLinks#A0068,OSPF link discovery behavior is outside current topology engine scope.,features/enlinkd/tests/src/test/java/org/opennms/netmgt/enlinkd/Nms10205bEnIT.java,org.opennms.netmgt.enlinkd.Nms10205bEnIT::testNetwork10205bOspfLinks,chat:2026-02-20:read-TODO-topology-library.md-and-proceed-as-planned,2026-02-20T10:52:51Z
org.opennms.netmgt.enlinkd.Nms10205bEnIT#testNetwork10205bOspfLinks#A0069,OSPF link discovery behavior is outside current topology engine scope.,features/enlinkd/tests/src/test/java/org/opennms/netmgt/enlinkd/Nms10205bEnIT.java,org.opennms.netmgt.enlinkd.Nms10205bEnIT::testNetwork10205bOspfLinks,chat:2026-02-20:read-TODO-topology-library.md-and-proceed-as-planned,2026-02-20T10:52:51Z
org.opennms.netmgt.enlinkd.Nms10205bEnIT#testNetwork10205bOspfLinks#A0070,OSPF link discovery behavior is outside current topology engine scope.,features/enlinkd/tests/src/test/java/org/opennms/netmgt/enlinkd/Nms10205bEnIT.java,org.opennms.netmgt.enlinkd.Nms10205bEnIT::testNetwork10205bOspfLinks,chat:2026-02-20:read-TODO-topology-library.md-and-proceed-as-planned,2026-02-20T10:52:51Z
org.opennms.netmgt.enlinkd.Nms10205bEnIT#testNetwork10205bOspfLinks#A0071,OSPF link discovery behavior is outside current topology engine scope.,features/enlinkd/tests/src/test/java/org/opennms/netmgt/enlinkd/Nms10205bEnIT.java,org.opennms.netmgt.enlinkd.Nms10205bEnIT::testNetwork10205bOspfLinks,chat:2026-02-20:read-TODO-topology-library.md-and-proceed-as-planned,2026-02-20T10:52:51Z
org.opennms.netmgt.enlinkd.Nms10205bEnIT#testNetwork10205bOspfLinks#A0072,OSPF link discovery behavior is outside current topology engine scope.,features/enlinkd/tests/src/test/java/org/opennms/netmgt/enlinkd/Nms10205bEnIT.java,org.opennms.netmgt.enlinkd.Nms10205bEnIT::testNetwork10205bOspfLinks,chat:2026-02-20:read-TODO-topology-library.md-and-proceed-as-planned,2026-02-20T10:52:51Z
org.opennms.netmgt.enlinkd.Nms10205bEnIT#testNetwork10205bOspfLinks#A0073,OSPF link discovery behavior is outside current topology engine scope.,features/enlinkd/tests/src/test/java/org/opennms/netmgt/enlinkd/Nms10205bEnIT.java,org.opennms.netmgt.enlinkd.Nms10205bEnIT::testNetwork10205bOspfLinks,chat:2026-02-20:read-TODO-topology-library.md-and-proceed-as-planned,2026-02-20T10:52:51Z
org.opennms.netmgt.enlinkd.Nms10205bEnIT#testNetwork10205bOspfLinks#A0074,OSPF link discovery behavior is outside current topology engine scope.,features/enlinkd/tests/src/test/java/org/opennms/netmgt/enlinkd/Nms10205bEnIT.java,org.opennms.netmgt.enlinkd.Nms10205bEnIT::testNetwork10205bOspfLinks,chat:2026-02-20:read-TODO-topology-library.md-and-proceed-as-planned,2026-02-20T10:52:51Z
org.opennms.netmgt.enlinkd.Nms10205bEnIT#testNetwork10205bOspfLinks#A0075,OSPF link discovery behavior is outside current topology engine scope.,features/enlinkd/tests/src/test/java/org/opennms/netmgt/enlinkd/Nms10205bEnIT.java,org.opennms.netmgt.enlinkd.Nms10205bEnIT::testNetwork10205bOspfLinks,chat:2026-02-20:read-TODO-topology-library.md-and-proceed-as-planned,2026-02-20T10:52:51Z
org.opennms.netmgt.enlinkd.Nms10205bEnIT#testNetwork10205bOspfLinks#A0076,OSPF link discovery behavior is outside current topology engine scope.,features/enlinkd/tests/src/test/java/org/opennms/netmgt/enlinkd/Nms10205bEnIT.java,org.opennms.netmgt.enlinkd.Nms10205bEnIT::testNetwork10205bOspfLinks,chat:2026-02-20:read-TODO-topology-library.md-and-proceed-as-planned,2026-02-20T10:52:51Z
org.opennms.netmgt.enlinkd.Nms10205bEnIT#testNetwork10205bOspfLinks#A0077,OSPF link discovery behavior is outside current topology engine scope.,features/enlinkd/tests/src/test/java/org/opennms/netmgt/enlinkd/Nms10205bEnIT.java,org.opennms.netmgt.enlinkd.Nms10205bEnIT::testNetwork10205bOspfLinks,chat:2026-02-20:read-TODO-topology-library.md-and-proceed-as-planned,2026-02-20T10:52:51Z
org.opennms.netmgt.enlinkd.Nms10205bEnIT#testNetwork10205bOspfLinks#A0078,OSPF link discovery behavior is outside current topology engine scope.,features/enlinkd/tests/src/test/java/org/opennms/netmgt/enlinkd/Nms10205bEnIT.java,org.opennms.netmgt.enlinkd.Nms10205bEnIT::testNetwork10205bOspfLinks,chat:2026-02-20:read-TODO-topology-library.md-and-proceed-as-planned,2026-02-20T10:52:51Z
org.opennms.netmgt.enlinkd.Nms10205bEnIT#testNetwork10205bOspfLinks#A0079,OSPF link discovery behavior is outside current topology engine scope.,features/enlinkd/tests/src/test/java/org/opennms/netmgt/enlinkd/Nms10205bEnIT.java,org.opennms.netmgt.enlinkd.Nms10205bEnIT::testNetwork10205bOspfLinks,chat:2026-02-20:read-TODO-topology-library.md-and-proceed-as-planned,2026-02-20T10:52:51Z
org.opennms.netmgt.enlinkd.Nms10205bEnIT#testNetwork10205bOspfLinks#A0080,OSPF link discovery behavior is outside current topology engine scope.,features/enlinkd/tests/src/test/java/org/opennms/netmgt/enlinkd/Nms10205bEnIT.java,org.opennms.netmgt.enlinkd.Nms10205bEnIT::testNetwork10205bOspfLinks,chat:2026-02-20:read-TODO-topology-library.md-and-proceed-as-planned,2026-02-20T10:52:51Z
org.opennms.netmgt.enlinkd.Nms10205bEnIT#testNetwork10205bOspfLinks#A0081,OSPF link discovery behavior is outside current topology engine scope.,features/enlinkd/tests/src/test/java/org/opennms/netmgt/enlinkd/Nms10205bEnIT.java,org.opennms.netmgt.enlinkd.Nms10205bEnIT::testNetwork10205bOspfLinks,chat:2026-02-20:read-TODO-topology-library.md-and-proceed-as-planned,2026-02-20T10:52:51Z
org.opennms.netmgt.enlinkd.Nms10205bEnIT#testNetwork10205bOspfLinks#A0082,OSPF link discovery behavior is outside current topology engine scope.,features/enlinkd/tests/src/test/java/org/opennms/netmgt/enlinkd/Nms10205bEnIT.java,org.opennms.netmgt.enlinkd.Nms10205bEnIT::testNetwork10205bOspfLinks,chat:2026-02-20:read-TODO-topology-library.md-and-proceed-as-planned,2026-02-20T10:52:51Z
org.opennms.netmgt.enlinkd.Nms10205bEnIT#testNetwork10205bOspfLinks#A0083,OSPF link discovery behavior is outside current topology engine scope.,features/enlinkd/tests/src/test/java/org/opennms/netmgt/enlinkd/Nms10205bEnIT.java,org.opennms.netmgt.enlinkd.Nms10205bEnIT::testNetwork10205bOspfLinks,chat:2026-02-20:read-TODO-topology-library.md-and-proceed-as-planned,2026-02-20T10:52:51Z
org.opennms.netmgt.enlinkd.Nms10205bEnIT#testNetwork10205bOspfLinks#A0084,OSPF link discovery behavior is outside current topology engine scope.,features/enlinkd/tests/src/test/java/org/opennms/netmgt/enlinkd/Nms10205bEnIT.java,org.opennms.netmgt.enlinkd.Nms10205bEnIT::testNetwork10205bOspfLinks,chat:2026-02-20:read-TODO-topology-library.md-and-proceed-as-planned,2026-02-20T10:52:51Z
org.opennms.netmgt.enlinkd.Nms10205bEnIT#testNetwork10205bOspfLinks#A0085,OSPF link discovery behavior is outside current topology engine scope.,features/enlinkd/tests/src/test/java/org/opennms/netmgt/enlinkd/Nms10205bEnIT.java,org.opennms.netmgt.enlinkd.Nms10205bEnIT::testNetwork10205bOspfLinks,chat:2026-02-20:read-TODO-topology-library.md-and-proceed-as-planned,2026-02-20T10:52:51Z
org.opennms.netmgt.enlinkd.Nms10205bEnIT#testNetwork10205bOspfLinks#A0086,OSPF link discovery behavior is outside current topology engine scope.,features/enlinkd/tests/src/test/java/org/opennms/netmgt/enlinkd/Nms10205bEnIT.java,org.opennms.netmgt.enlinkd.Nms10205bEnIT::testNetwork10205bOspfLinks,chat:2026-02-20:read-TODO-topology-library.md-and-proceed-as-planned,2026-02-20T10:52:51Z
org.opennms.netmgt.enlinkd.Nms10205bEnIT#testNetwork10205bOspfLinks#A0087,OSPF link discovery behavior is outside current topology engine scope.,features/enlinkd/tests/src/test/java/org/opennms/netmgt/enlinkd/Nms10205bEnIT.java,org.opennms.netmgt.enlinkd.Nms10205bEnIT::testNetwork10205bOspfLinks,chat:2026-02-20:read-TODO-topology-library.md-and-proceed-as-planned,2026-02-20T10:52:51Z
org.opennms.netmgt.enlinkd.Nms10205bEnIT#testNetwork10205bOspfLinks#A0088,OSPF link discovery behavior is outside current topology engine scope.,features/enlinkd/tests/src/test/java/org/opennms/netmgt/enlinkd/Nms10205bEnIT.java,org.opennms.netmgt.enlinkd.Nms10205bEnIT::testNetwork10205bOspfLinks,chat:2026-02-20:read-TODO-topology-library.md-and-proceed-as-planned,2026-02-20T10:52:51Z
org.opennms.netmgt.enlinkd.Nms10205bEnIT#testNetwork10205bOspfLinks#A0089,OSPF link discovery behavior is outside current topology engine scope.,features/enlinkd/tests/src/test/java/org/opennms/netmgt/enlinkd/Nms10205bEnIT.java,org.opennms.netmgt.enlinkd.Nms10205bEnIT::testNetwork10205bOspfLinks,chat:2026-02-20:read-TODO-topology-library.md-and-proceed-as-planned,2026-02-20T10:52:51Z
org.opennms.netmgt.enlinkd.Nms10205bEnIT#testNetwork10205bOspfLinks#A0090,OSPF link discovery behavior is outside current topology engine scope.,features/enlinkd/tests/src/test/java/org/opennms/netmgt/enlinkd/Nms10205bEnIT.java,org.opennms.netmgt.enlinkd.Nms10205bEnIT::testNetwork10205bOspfLinks,chat:2026-02-20:read-TODO-topology-library.md-and-proceed-as-planned,2026-02-20T10:52:51Z
org.opennms.netmgt.enlinkd.Nms10205bEnIT#testNetwork10205bOspfLinks#A0091,OSPF link discovery behavior is outside current topology engine scope.,features/enlinkd/tests/src/test/java/org/opennms/netmgt/enlinkd/Nms10205bEnIT.java,org.opennms.netmgt.enlinkd.Nms10205bEnIT::testNetwork10205bOspfLinks,chat:2026-02-20:read-TODO-topology-library.md-and-proceed-as-planned,2026-02-20T10:52:51Z
org.opennms.netmgt.enlinkd.Nms10205bEnIT#testNetwork10205bOspfLinks#A0092,OSPF link discovery behavior is outside current topology engine scope.,features/enlinkd/tests/src/test/java/org/opennms/netmgt/enlinkd/Nms10205bEnIT.java,org.opennms.netmgt.enlinkd.Nms10205bEnIT::testNetwork10205bOspfLinks,chat:2026-02-20:read-TODO-topology-library.md-and-proceed-as-planned,2026-02-20T10:52:51Z
org.opennms.netmgt.enlinkd.Nms10205bEnIT#testNetwork10205bOspfLinks#A0093,OSPF link discovery behavior is outside current topology engine scope.,features/enlinkd/tests/src/test/java/org/opennms/netmgt/enlinkd/Nms10205bEnIT.java,org.opennms.netmgt.enlinkd.Nms10205bEnIT::testNetwork10205bOspfLinks,chat:2026-02-20:read-TODO-topology-library.md-and-proceed-as-planned,2026-02-20T10:52:51Z
org.opennms.netmgt.enlinkd.Nms10205bEnIT#testNetwork10205bOspfLinks#A0094,OSPF link discovery behavior is outside current topology engine scope.,features/enlinkd/tests/src/test/java/org/opennms/netmgt/enlinkd/Nms10205bEnIT.java,org.opennms.netmgt.enlinkd.Nms10205bEnIT::testNetwork10205bOspfLinks,chat:2026-02-20:read-TODO-topology-library.md-and-proceed-as-planned,2026-02-20T10:52:51Z
org.opennms.netmgt.enlinkd.Nms10205bEnIT#testNetwork10205bOspfLinks#A0095,OSPF link discovery behavior is outside current topology engine scope.,features/enlinkd/tests/src/test/java/org/opennms/netmgt/enlinkd/Nms10205bEnIT.java,org.opennms.netmgt.enlinkd.Nms10205bEnIT::testNetwork10205bOspfLinks,chat:2026-02-20:read-TODO-topology-library.md-and-proceed-as-planned,2026-02-20T10:52:51Z
org.opennms.netmgt.enlinkd.Nms10205bEnIT#testNetwork10205bOspfLinks#A0096,OSPF link discovery behavior is outside current topology engine scope.,features/enlinkd/tests/src/test/java/org/opennms/netmgt/enlinkd/Nms10205bEnIT.java,org.opennms.netmgt.enlinkd.Nms10205bEnIT::testNetwork10205bOspfLinks,chat:2026-02-20:read-TODO-topology-library.md-and-proceed-as-planned,2026-02-20T10:52:51Z
org.opennms.netmgt.enlinkd.Nms10205bEnIT#testNetwork10205bOspfLinks#A0097,OSPF link discovery behavior is outside current topology engine scope.,features/enlinkd/tests/src/test/java/org/opennms/netmgt/enlinkd/Nms10205bEnIT.java,org.opennms.netmgt.enlinkd.Nms10205bEnIT::testNetwork10205bOspfLinks,chat:2026-02-20:read-TODO-topology-library.md-and-proceed-as-planned,2026-02-20T10:52:51Z
org.opennms.netmgt.enlinkd.Nms10205bEnIT#testNetwork10205bOspfLinks#A0098,OSPF link discovery behavior is outside current topology engine scope.,features/enlinkd/tests/src/test/java/org/opennms/netmgt/enlinkd/Nms10205bEnIT.java,org.opennms.netmgt.enlinkd.Nms10205bEnIT::testNetwork10205bOspfLinks,chat:2026-02-20:read-TODO-topology-library.md-and-proceed-as-planned,2026-02-20T10:52:51Z
org.opennms.netmgt.enlinkd.Nms10205bEnIT#testNetwork10205bOspfLinks#A0099,OSPF link discovery behavior is outside current topology engine scope.,features/enlinkd/tests/src/test/java/org/opennms/netmgt/enlinkd/Nms10205bEnIT.java,org.opennms.netmgt.enlinkd.Nms10205bEnIT::testNetwork10205bOspfLinks,chat:2026-02-20:read-TODO-topology-library.md-and-proceed-as-planned,2026-02-20T10:52:51Z
org.opennms.netmgt.enlinkd.Nms10205bEnIT#testNetwork10205bOspfLinks#A0100,OSPF link discovery behavior is outside current topology engine scope.,features/enlinkd/tests/src/test/java/org/opennms/netmgt/enlinkd/Nms10205bEnIT.java,org.opennms.netmgt.enlinkd.Nms10205bEnIT::testNetwork10205bOspfLinks,chat:2026-02-20:read-TODO-topology-library.md-and-proceed-as-planned,2026-02-20T10:52:51Z
org.opennms.netmgt.enlinkd.Nms10205bEnIT#testNetwork10205bOspfLinks#A0101,OSPF link discovery behavior is outside current topology engine scope.,features/enlinkd/tests/src/test/java/org/opennms/netmgt/enlinkd/Nms10205bEnIT.java,org.opennms.netmgt.enlinkd.Nms10205bEnIT::testNetwork10205bOspfLinks,chat:2026-02-20:read-TODO-topology-library.md-and-proceed-as-planned,2026-02-20T10:52:51Z
org.opennms.netmgt.enlinkd.Nms10205bEnIT#testNetwork10205bOspfLinks#A0102,OSPF link discovery behavior is outside current topology engine scope.,features/enlinkd/tests/src/test/java/org/opennms/netmgt/enlinkd/Nms10205bEnIT.java,org.opennms.netmgt.enlinkd.Nms10205bEnIT::testNetwork10205bOspfLinks,chat:2026-02-20:read-TODO-topology-library.md-and-proceed-as-planned,2026-02-20T10:52:51Z
org.opennms.netmgt.enlinkd.Nms10205bEnIT#testNetwork10205bOspfLinks#A0103,OSPF link discovery behavior is outside current topology engine scope.,features/enlinkd/tests/src/test/java/org/opennms/netmgt/enlinkd/Nms10205bEnIT.java,org.opennms.netmgt.enlinkd.Nms10205bEnIT::testNetwork10205bOspfLinks,chat:2026-02-20:read-TODO-topology-library.md-and-proceed-as-planned,2026-02-20T10:52:51Z
org.opennms.netmgt.enlinkd.Nms10205bEnIT#testNetwork10205bOspfLinks#A0104,OSPF link discovery behavior is outside current topology engine scope.,features/enlinkd/tests/src/test/java/org/opennms/netmgt/enlinkd/Nms10205bEnIT.java,org.opennms.netmgt.enlinkd.Nms10205bEnIT::testNetwork10205bOspfLinks,chat:2026-02-20:read-TODO-topology-library.md-and-proceed-as-planned,2026-02-20T10:52:51Z
org.opennms.netmgt.enlinkd.Nms10205bEnIT#testNetwork10205bOspfLinks#A0105,OSPF link discovery behavior is outside current topology engine scope.,features/enlinkd/tests/src/test/java/org/opennms/netmgt/enlinkd/Nms10205bEnIT.java,org.opennms.netmgt.enlinkd.Nms10205bEnIT::testNetwork10205bOspfLinks,chat:2026-02-20:read-TODO-topology-library.md-and-proceed-as-planned,2026-02-20T10:52:51Z
org.opennms.netmgt.enlinkd.Nms10205bEnIT#testNetwork10205bOspfLinks#A0106,OSPF link discovery behavior is outside current topology engine scope.,features/enlinkd/tests/src/test/java/org/opennms/netmgt/enlinkd/Nms10205bEnIT.java,org.opennms.netmgt.enlinkd.Nms10205bEnIT::testNetwork10205bOspfLinks,chat:2026-02-20:read-TODO-topology-library.md-and-proceed-as-planned,2026-02-20T10:52:51Z
org.opennms.netmgt.enlinkd.Nms10205bEnIT#testNetwork10205bOspfLinks#A0107,OSPF link discovery behavior is outside current topology engine scope.,features/enlinkd/tests/src/test/java/org/opennms/netmgt/enlinkd/Nms10205bEnIT.java,org.opennms.netmgt.enlinkd.Nms10205bEnIT::testNetwork10205bOspfLinks,chat:2026-02-20:read-TODO-topology-library.md-and-proceed-as-planned,2026-02-20T10:52:51Z
org.opennms.netmgt.enlinkd.Nms6802EnIT#testIsIsLinks#A0001,ISIS topology behavior is outside current topology engine scope.,features/enlinkd/tests/src/test/java/org/opennms/netmgt/enlinkd/Nms6802EnIT.java,org.opennms.netmgt.enlinkd.Nms6802EnIT::testIsIsLinks,chat:2026-02-20:read-TODO-topology-library.md-and-proceed-as-planned,2026-02-20T10:52:51Z
org.opennms.netmgt.enlinkd.Nms6802EnIT#testIsIsLinks#A0002,ISIS topology behavior is outside current topology engine scope.,features/enlinkd/tests/src/test/java/org/opennms/netmgt/enlinkd/Nms6802EnIT.java,org.opennms.netmgt.enlinkd.Nms6802EnIT::testIsIsLinks,chat:2026-02-20:read-TODO-topology-library.md-and-proceed-as-planned,2026-02-20T10:52:51Z
org.opennms.netmgt.enlinkd.Nms6802EnIT#testIsIsLinks#A0003,ISIS topology behavior is outside current topology engine scope.,features/enlinkd/tests/src/test/java/org/opennms/netmgt/enlinkd/Nms6802EnIT.java,org.opennms.netmgt.enlinkd.Nms6802EnIT::testIsIsLinks,chat:2026-02-20:read-TODO-topology-library.md-and-proceed-as-planned,2026-02-20T10:52:51Z
org.opennms.netmgt.enlinkd.Nms6802EnIT#testIsIsLinks#A0004,ISIS topology behavior is outside current topology engine scope.,features/enlinkd/tests/src/test/java/org/opennms/netmgt/enlinkd/Nms6802EnIT.java,org.opennms.netmgt.enlinkd.Nms6802EnIT::testIsIsLinks,chat:2026-02-20:read-TODO-topology-library.md-and-proceed-as-planned,2026-02-20T10:52:51Z
org.opennms.netmgt.enlinkd.Nms6802EnIT#testIsIsLinks#A0005,ISIS topology behavior is outside current topology engine scope.,features/enlinkd/tests/src/test/java/org/opennms/netmgt/enlinkd/Nms6802EnIT.java,org.opennms.netmgt.enlinkd.Nms6802EnIT::testIsIsLinks,chat:2026-02-20:read-TODO-topology-library.md-and-proceed-as-planned,2026-02-20T10:52:51Z
org.opennms.netmgt.enlinkd.Nms6802EnIT#testIsIsLinks#A0006,ISIS topology behavior is outside current topology engine scope.,features/enlinkd/tests/src/test/java/org/opennms/netmgt/enlinkd/Nms6802EnIT.java,org.opennms.netmgt.enlinkd.Nms6802EnIT::testIsIsLinks,chat:2026-02-20:read-TODO-topology-library.md-and-proceed-as-planned,2026-02-20T10:52:51Z
org.opennms.netmgt.enlinkd.Nms6802EnIT#testIsIsLinks#A0007,ISIS topology behavior is outside current topology engine scope.,features/enlinkd/tests/src/test/java/org/opennms/netmgt/enlinkd/Nms6802EnIT.java,org.opennms.netmgt.enlinkd.Nms6802EnIT::testIsIsLinks,chat:2026-02-20:read-TODO-topology-library.md-and-proceed-as-planned,2026-02-20T10:52:51Z
org.opennms.netmgt.enlinkd.Nms6802EnIT#testIsIsLinks#A0008,ISIS topology behavior is outside current topology engine scope.,features/enlinkd/tests/src/test/java/org/opennms/netmgt/enlinkd/Nms6802EnIT.java,org.opennms.netmgt.enlinkd.Nms6802EnIT::testIsIsLinks,chat:2026-02-20:read-TODO-topology-library.md-and-proceed-as-planned,2026-02-20T10:52:51Z
org.opennms.netmgt.enlinkd.Nms6802EnIT#testIsIsLinks#A0009,ISIS topology behavior is outside current topology engine scope.,features/enlinkd/tests/src/test/java/org/opennms/netmgt/enlinkd/Nms6802EnIT.java,org.opennms.netmgt.enlinkd.Nms6802EnIT::testIsIsLinks,chat:2026-02-20:read-TODO-topology-library.md-and-proceed-as-planned,2026-02-20T10:52:51Z
org.opennms.netmgt.enlinkd.Nms6802EnIT#testIsIsLinks#A0010,ISIS topology behavior is outside current topology engine scope.,features/enlinkd/tests/src/test/java/org/opennms/netmgt/enlinkd/Nms6802EnIT.java,org.opennms.netmgt.enlinkd.Nms6802EnIT::testIsIsLinks,chat:2026-02-20:read-TODO-topology-library.md-and-proceed-as-planned,2026-02-20T10:52:51Z
org.opennms.netmgt.enlinkd.Nms6802EnIT#testIsIsLinks#A0011,ISIS topology behavior is outside current topology engine scope.,features/enlinkd/tests/src/test/java/org/opennms/netmgt/enlinkd/Nms6802EnIT.java,org.opennms.netmgt.enlinkd.Nms6802EnIT::testIsIsLinks,chat:2026-02-20:read-TODO-topology-library.md-and-proceed-as-planned,2026-02-20T10:52:51Z
org.opennms.netmgt.enlinkd.Nms6802EnIT#testIsIsLinks#A0012,ISIS topology behavior is outside current topology engine scope.,features/enlinkd/tests/src/test/java/org/opennms/netmgt/enlinkd/Nms6802EnIT.java,org.opennms.netmgt.enlinkd.Nms6802EnIT::testIsIsLinks,chat:2026-02-20:read-TODO-topology-library.md-and-proceed-as-planned,2026-02-20T10:52:51Z
org.opennms.netmgt.enlinkd.Nms6802EnIT#testIsIsLinks#A0013,ISIS topology behavior is outside current topology engine scope.,features/enlinkd/tests/src/test/java/org/opennms/netmgt/enlinkd/Nms6802EnIT.java,org.opennms.netmgt.enlinkd.Nms6802EnIT::testIsIsLinks,chat:2026-02-20:read-TODO-topology-library.md-and-proceed-as-planned,2026-02-20T10:52:51Z
org.opennms.netmgt.enlinkd.Nms6802EnIT#testIsIsLinks#A0014,ISIS topology behavior is outside current topology engine scope.,features/enlinkd/tests/src/test/java/org/opennms/netmgt/enlinkd/Nms6802EnIT.java,org.opennms.netmgt.enlinkd.Nms6802EnIT::testIsIsLinks,chat:2026-02-20:read-TODO-topology-library.md-and-proceed-as-planned,2026-02-20T10:52:51Z
org.opennms.netmgt.enlinkd.Nms6802EnIT#testIsIsLinks#A0015,ISIS topology behavior is outside current topology engine scope.,features/enlinkd/tests/src/test/java/org/opennms/netmgt/enlinkd/Nms6802EnIT.java,org.opennms.netmgt.enlinkd.Nms6802EnIT::testIsIsLinks,chat:2026-02-20:read-TODO-topology-library.md-and-proceed-as-planned,2026-02-20T10:52:51Z
org.opennms.netmgt.enlinkd.Nms6802EnIT#testIsIsLinks#A0016,ISIS topology behavior is outside current topology engine scope.,features/enlinkd/tests/src/test/java/org/opennms/netmgt/enlinkd/Nms6802EnIT.java,org.opennms.netmgt.enlinkd.Nms6802EnIT::testIsIsLinks,chat:2026-02-20:read-TODO-topology-library.md-and-proceed-as-planned,2026-02-20T10:52:51Z
org.opennms.netmgt.enlinkd.Nms6802EnIT#testIsIsLinks#A0017,ISIS topology behavior is outside current topology engine scope.,features/enlinkd/tests/src/test/java/org/opennms/netmgt/enlinkd/Nms6802EnIT.java,org.opennms.netmgt.enlinkd.Nms6802EnIT::testIsIsLinks,chat:2026-02-20:read-TODO-topology-library.md-and-proceed-as-planned,2026-02-20T10:52:51Z
org.opennms.netmgt.enlinkd.Nms6802EnIT#testIsIsLinks#A0018,ISIS topology behavior is outside current topology engine scope.,features/enlinkd/tests/src/test/java/org/opennms/netmgt/enlinkd/Nms6802EnIT.java,org.opennms.netmgt.enlinkd.Nms6802EnIT::testIsIsLinks,chat:2026-02-20:read-TODO-topology-library.md-and-proceed-as-planned,2026-02-20T10:52:51Z
org.opennms.netmgt.enlinkd.Nms6802EnIT#testIsIsLinks#A0019,ISIS topology behavior is outside current topology engine scope.,features/enlinkd/tests/src/test/java/org/opennms/netmgt/enlinkd/Nms6802EnIT.java,org.opennms.netmgt.enlinkd.Nms6802EnIT::testIsIsLinks,chat:2026-02-20:read-TODO-topology-library.md-and-proceed-as-planned,2026-02-20T10:52:51Z
org.opennms.netmgt.enlinkd.Nms6802EnIT#testIsIsLinks#A0020,ISIS topology behavior is outside current topology engine scope.,features/enlinkd/tests/src/test/java/org/opennms/netmgt/enlinkd/Nms6802EnIT.java,org.opennms.netmgt.enlinkd.Nms6802EnIT::testIsIsLinks,chat:2026-02-20:read-TODO-topology-library.md-and-proceed-as-planned,2026-02-20T10:52:51Z
org.opennms.netmgt.enlinkd.Nms6802EnIT#testIsIsLinks#A0021,ISIS topology behavior is outside current topology engine scope.,features/enlinkd/tests/src/test/java/org/opennms/netmgt/enlinkd/Nms6802EnIT.java,org.opennms.netmgt.enlinkd.Nms6802EnIT::testIsIsLinks,chat:2026-02-20:read-TODO-topology-library.md-and-proceed-as-planned,2026-02-20T10:52:51Z
org.opennms.netmgt.enlinkd.Nms6802EnIT#testIsIsLinks#A0022,ISIS topology behavior is outside current topology engine scope.,features/enlinkd/tests/src/test/java/org/opennms/netmgt/enlinkd/Nms6802EnIT.java,org.opennms.netmgt.enlinkd.Nms6802EnIT::testIsIsLinks,chat:2026-02-20:read-TODO-topology-library.md-and-proceed-as-planned,2026-02-20T10:52:51Z
org.opennms.netmgt.enlinkd.Nms6802EnIT#testIsIsLinks#A0023,ISIS topology behavior is outside current topology engine scope.,features/enlinkd/tests/src/test/java/org/opennms/netmgt/enlinkd/Nms6802EnIT.java,org.opennms.netmgt.enlinkd.Nms6802EnIT::testIsIsLinks,chat:2026-02-20:read-TODO-topology-library.md-and-proceed-as-planned,2026-02-20T10:52:51Z
org.opennms.netmgt.enlinkd.Nms6802EnIT#testIsIsLinks#A0024,ISIS topology behavior is outside current topology engine scope.,features/enlinkd/tests/src/test/java/org/opennms/netmgt/enlinkd/Nms6802EnIT.java,org.opennms.netmgt.enlinkd.Nms6802EnIT::testIsIsLinks,chat:2026-02-20:read-TODO-topology-library.md-and-proceed-as-planned,2026-02-20T10:52:51Z
org.opennms.netmgt.enlinkd.Nms6802EnIT#testIsIsLinks#A0025,ISIS topology behavior is outside current topology engine scope.,features/enlinkd/tests/src/test/java/org/opennms/netmgt/enlinkd/Nms6802EnIT.java,org.opennms.netmgt.enlinkd.Nms6802EnIT::testIsIsLinks,chat:2026-02-20:read-TODO-topology-library.md-and-proceed-as-planned,2026-02-20T10:52:51Z
org.opennms.netmgt.enlinkd.Nms6802EnIT#testIsIsLinks#A0026,ISIS topology behavior is outside current topology engine scope.,features/enlinkd/tests/src/test/java/org/opennms/netmgt/enlinkd/Nms6802EnIT.java,org.opennms.netmgt.enlinkd.Nms6802EnIT::testIsIsLinks,chat:2026-02-20:read-TODO-topology-library.md-and-proceed-as-planned,2026-02-20T10:52:51Z
org.opennms.netmgt.enlinkd.Nms6802EnIT#testIsIsLinks#A0027,ISIS topology behavior is outside current topology engine scope.,features/enlinkd/tests/src/test/java/org/opennms/netmgt/enlinkd/Nms6802EnIT.java,org.opennms.netmgt.enlinkd.Nms6802EnIT::testIsIsLinks,chat:2026-02-20:read-TODO-topology-library.md-and-proceed-as-planned,2026-02-20T10:52:51Z
org.opennms.netmgt.enlinkd.Nms6802EnIT#testIsIsLinks#A0028,ISIS topology behavior is outside current topology engine scope.,features/enlinkd/tests/src/test/java/org/opennms/netmgt/enlinkd/Nms6802EnIT.java,org.opennms.netmgt.enlinkd.Nms6802EnIT::testIsIsLinks,chat:2026-02-20:read-TODO-topology-library.md-and-proceed-as-planned,2026-02-20T10:52:51Z
org.opennms.netmgt.enlinkd.Nms6802EnIT#testIsIsLinks#A0029,ISIS topology behavior is outside current topology engine scope.,features/enlinkd/tests/src/test/java/org/opennms/netmgt/enlinkd/Nms6802EnIT.java,org.opennms.netmgt.enlinkd.Nms6802EnIT::testIsIsLinks,chat:2026-02-20:read-TODO-topology-library.md-and-proceed-as-planned,2026-02-20T10:52:51Z
org.opennms.netmgt.enlinkd.Nms6802EnIT#testIsIsLinks#A0030,ISIS topology behavior is outside current topology engine scope.,features/enlinkd/tests/src/test/java/org/opennms/netmgt/enlinkd/Nms6802EnIT.java,org.opennms.netmgt.enlinkd.Nms6802EnIT::testIsIsLinks,chat:2026-02-20:read-TODO-topology-library.md-and-proceed-as-planned,2026-02-20T10:52:51Z
