file,template,on,class,type,component,lookup,units,every,crit,delay,info,to,warn,os,hosts,calc,families,options,alarm,module,green,red,host labels,plugin,(-1
../../health/health.d\adaptec_raid.conf,adaptec_raid_ld_status,adaptec_raid.ld_status,Errors,System,RAID,max -10s foreach *,bool,10s,$this > 0,down 5m multiplier 1.5 max 1h,logical device status is failed or degraded,sysadmin,,,,,,,,,,,,,
../../health/health.d\adaptec_raid.conf,adaptec_raid_pd_state,adaptec_raid.pd_state,Errors,System,RAID,max -10s foreach *,bool,10s,$this > 0,down 5m multiplier 1.5 max 1h,physical device state is not online,sysadmin,,,,,,,,,,,,,
../../health/health.d\anomalies.conf,anomalies_anomaly_probabilities,anomalies.probability,Errors,Netdata,ML,average -2m foreach *,,1m,,,average anomaly probability over the last 2 minutes,,$this > 50,,,,,,,,,,,,
../../health/health.d\anomalies.conf,anomalies_anomaly_flags,anomalies.anomaly,Errors,Netdata,ML,sum -2m foreach *,,1m,,,number of anomalies in the last 2 minutes,,$this > 10,,,,,,,,,,,,
../../health/health.d\apcupsd.conf,apcupsd_10min_ups_load,apcupsd.load,Utilization,Power Supply,UPS,average -10m unaligned of percentage,%,1m,$this > (($status == $CRITICAL) ? (85),down 10m multiplier 1.5 max 1h,average UPS load over the last 10 minutes,sitemgr,$this > (($status >= $WARNING)  ? (70),*,*,,,,,,,,,,
../../health/health.d\apcupsd.conf,apcupsd_ups_charge,apcupsd.charge,Errors,Power Supply,UPS,average -60s unaligned of charge,%,60s,$this < (($status == $CRITICAL) ? (60),down 10m multiplier 1.5 max 1h,average UPS charge over the last minute,sitemgr,$this < 100,*,*,,,,,,,,,,
../../health/health.d\apcupsd.conf,apcupsd_last_collected_secs,apcupsd.load,Latency,Power Supply,UPS device,,seconds ago,10s,$this > (($status == $CRITICAL) ? ($update_every),down 5m multiplier 1.5 max 1h,number of seconds since the last successful data collection,sitemgr,$this > (($status >= $WARNING)  ? ($update_every),,,$now - $last_collected_t,,,,,,,,,
../../health/health.d\bcache.conf,bcache_cache_errors,disk.bcache_cache_read_races,Errors,System,Disk,sum -1m unaligned absolute,errors,1m,,up 2m down 1h multiplier 1.5 max 2h,"number of times data was read from the cache, \",sysadmin,$this > 0,,,,,,,,,,,,
../../health/health.d\bcache.conf,bcache_cache_dirty,disk.bcache_cache_alloc,Utilization,System,Disk,,%,1m,$this > ( ($status == $CRITICAL) ? ( 90 ),up 1m down 1h multiplier 1.5 max 2h,percentage of cache space used for dirty data and metadata \,sysadmin,$this > ( ($status >= $WARNING ) ? ( 70 ),,,$dirty + $metadata + $undefined,,,,,,,,,
../../health/health.d\beanstalkd.conf,beanstalk_server_buried_jobs,beanstalk.current_jobs,Workload,Messaging,Beanstalk,,jobs,10s,$this > 10,up 0 down 5m multiplier 1.2 max 1h,number of buried jobs across all tubes. \,sysadmin,$this > 0,,,$buried,,,,,,,,,
../../health/health.d\beanstalkd.conf,,,,,,,,,,,,,,,,,,,,,,,,,
../../health/health.d\beanstalkd.conf,,,,,,,,,,,,,,,,,,,,,,,,,
../../health/health.d\bind_rndc.conf,bind_rndc_stats_file_size,bind_rndc.stats_size,Utilization,DNS,BIND,,megabytes,60,$this > 1024,,BIND statistics-file size,sysadmin,$this > 512,,,$stats_size,,,,,,,,,
../../health/health.d\boinc.conf,boinc_compute_errors,boinc.states,Errors,Computing,BOINC,average -10m unaligned of comperror,tasks,1m,$this > 1,up 1m down 5m multiplier 1.5 max 1h,average number of compute errors over the last 10 minutes,sysadmin,$this > 0,*,*,,*,,,,,,,,
../../health/health.d\boinc.conf,boinc_upload_errors,boinc.states,Errors,Computing,BOINC,average -10m unaligned of upload_failed,tasks,1m,$this > 1,up 1m down 5m multiplier 1.5 max 1h,average number of failed uploads over the last 10 minutes,sysadmin,$this > 0,*,*,,*,,,,,,,,
../../health/health.d\boinc.conf,boinc_total_tasks,boinc.tasks,Utilization,Computing,BOINC,average -10m unaligned of total,tasks,1m,$this < 0.1,up 5m down 10m multiplier 1.5 max 1h,average number of total tasks over the last 10 minutes,sysadmin,$this < 1,*,*,,*,,,,,,,,
../../health/health.d\boinc.conf,boinc_active_tasks,boinc.tasks,Utilization,Computing,BOINC,average -10m unaligned of active,tasks,1m,$this < 0.1,up 5m down 10m multiplier 1.5 max 1h,average number of active tasks over the last 10 minutes,sysadmin,$this < 1,*,*,($boinc_total_tasks >= 1) ? ($this),*,,,,,,,,
../../health/health.d\btrfs.conf,btrfs_allocated,btrfs.disk,Utilization,System,File system,,%,10s,$this > (($status == $CRITICAL) ? (95),up 1m down 15m multiplier 1.5 max 1h,percentage of allocated BTRFS physical disk space,sysadmin,$this > (($status >= $WARNING)  ? (90),*,*,100 - ($unallocated * 100 / ($unallocated + $data_used + $data_free + $meta_used + $meta_free + $sys_used + $sys_free)),*,,,,,,,,
../../health/health.d\btrfs.conf,btrfs_data,btrfs.data,Utilization,System,File system,,%,10s,$this > (($status == $CRITICAL) ? (95),up 1m down 15m multiplier 1.5 max 1h,utilization of BTRFS data space,sysadmin,$this > (($status >= $WARNING)  ? (90),*,*,$used * 100 / ($used + $free),*,,,,,,,,
../../health/health.d\btrfs.conf,btrfs_metadata,btrfs.metadata,Utilization,System,File system,,%,10s,$this > (($status == $CRITICAL) ? (95),up 1m down 15m multiplier 1.5 max 1h,utilization of BTRFS metadata space,sysadmin,$this > (($status >= $WARNING)  ? (90),*,*,($used + $reserved) * 100 / ($used + $free + $reserved),*,,,,,,,,
../../health/health.d\btrfs.conf,btrfs_system,btrfs.system,Utilization,System,File system,,%,10s,$this > (($status == $CRITICAL) ? (95),up 1m down 15m multiplier 1.5 max 1h,utilization of BTRFS system space,sysadmin,$this > (($status >= $WARNING)  ? (90),*,*,$used * 100 / ($used + $free),*,,,,,,,,
../../health/health.d\ceph.conf,ceph_cluster_space_usage,ceph.general_usage,Utilization,Storage,Ceph,,%,1m,$this > (($status == $CRITICAL) ? (90),down 5m multiplier 1.2 max 1h,cluster disk space utilization,sysadmin,$this > (($status >= $WARNING ) ? (85),,,$used * 100 / ($used + $avail),,,,,,,,,
../../health/health.d\cgroups.conf,cgroup_10min_cpu_usage,cgroup.cpu_limit,Utilization,Cgroups,CPU,average -10m unaligned,%,1m,$this > (($status == $CRITICAL) ? (85),down 15m multiplier 1.5 max 1h,average cgroup CPU utilization over the last 10 minutes,sysadmin,$this > (($status >= $WARNING)  ? (75),linux,*,,,,,,,,,,
../../health/health.d\cgroups.conf,cgroup_ram_in_use,cgroup.mem_usage,Utilization,Cgroups,Memory,,%,10s,$this > (($status == $CRITICAL) ? (90),down 15m multiplier 1.5 max 1h,cgroup memory utilization,sysadmin,$this > (($status >= $WARNING)  ? (80),linux,*,($ram) * 100 / $memory_limit,,,,,,,,,
../../health/health.d\cgroups.conf,,,,,,,,,,,,,,,,,,,,,,,,,
../../health/health.d\cgroups.conf,cgroup_1m_received_packets_rate,cgroup.net_packets,Workload,Cgroups,Network,average -1m unaligned of received,packets,10s,,,average number of packets received by the network interface ${label,,,,*,,,,,,,,,,
../../health/health.d\cgroups.conf,cgroup_10s_received_packets_storm,cgroup.net_packets,Workload,Cgroups,Network,average -10s unaligned of received,%,10s,$this > (($status == $CRITICAL)?(5000),,ratio of average number of received packets for the network interface ${label,sysadmin,$this > (($status >= $WARNING)?(200),,*,$this * 100 / (($1m_received_packets_rate < 1000)?(1000),,no-clear-notification,,,,,,,
../../health/health.d\cgroups.conf,k8s_cgroup_10min_cpu_usage,k8s.cgroup.cpu_limit,Utilization,Cgroups,CPU,average -10m unaligned,%,1m,$this > (($status == $CRITICAL) ? (85),down 15m multiplier 1.5 max 1h,average cgroup CPU utilization over the last 10 minutes,sysadmin,$this > (($status >= $WARNING)  ? (75),linux,*,,,,,,,,,,
../../health/health.d\cgroups.conf,k8s_cgroup_ram_in_use,k8s.cgroup.mem_usage,Utilization,Cgroups,Memory,,%,10s,$this > (($status == $CRITICAL) ? (90),down 15m multiplier 1.5 max 1h,cgroup memory utilization,sysadmin,$this > (($status >= $WARNING)  ? (80),linux,*,($ram) * 100 / $memory_limit,,,,,,,,,
../../health/health.d\cgroups.conf,,,,,,,,,,,,,,,,,,,,,,,,,
../../health/health.d\cgroups.conf,k8s_cgroup_1m_received_packets_rate,k8s.cgroup.net_packets,Workload,Cgroups,Network,average -1m unaligned of received,packets,10s,,,average number of packets received by the network interface ${label,,,,*,,,,,,,,,,
../../health/health.d\cgroups.conf,k8s_cgroup_10s_received_packets_storm,k8s.cgroup.net_packets,Workload,Cgroups,Network,average -10s unaligned of received,%,10s,$this > (($status == $CRITICAL)?(5000),,ratio of average number of received packets for the network interface ${label,sysadmin,$this > (($status >= $WARNING)?(200),,*,$this * 100 / (($k8s_cgroup_10s_received_packets_storm < 1000)?(1000),,no-clear-notification,,,,,,,
../../health/health.d\cockroachdb.conf,cockroachdb_used_storage_capacity,cockroachdb.storage_used_capacity_percentage,Utilization,Database,CockroachDB,,%,10s,$this > (($status == $CRITICAL) ? (85),down 15m multiplier 1.5 max 1h,storage capacity utilization,dba,$this > (($status >= $WARNING)  ? (80),,,$capacity_used_percent,,,,,,,,,
../../health/health.d\cockroachdb.conf,cockroachdb_used_usable_storage_capacity,cockroachdb.storage_used_capacity_percentage,Utilization,Database,CockroachDB,,%,10s,$this > (($status == $CRITICAL) ? (85),down 15m multiplier 1.5 max 1h,storage usable space utilization,dba,$this > (($status >= $WARNING)  ? (80),,,$capacity_usable_used_percent,,,,,,,,,
../../health/health.d\cockroachdb.conf,cockroachdb_unavailable_ranges,cockroachdb.ranges_replication_problem,Errors,Database,CockroachDB,,num,10s,,down 15m multiplier 1.5 max 1h,number of ranges with fewer live replicas than needed for quorum,dba,$this > 0,,,$ranges_unavailable,,,,,,,,,
../../health/health.d\cockroachdb.conf,cockroachdb_underreplicated_ranges,cockroachdb.ranges_replication_problem,Errors,Database,CockroachDB,,num,10s,,down 15m multiplier 1.5 max 1h,number of ranges with fewer live replicas than the replication target,dba,$this > 0,,,$ranges_underreplicated,,,,,,,,,
../../health/health.d\cockroachdb.conf,cockroachdb_open_file_descriptors_limit,cockroachdb.process_file_descriptors,Utilization,Database,CockroachDB,,%,10s,,down 15m multiplier 1.5 max 1h,open file descriptors utilization (against softlimit),dba,$this > 80,,,$sys_fd_open/$sys_fd_softlimit * 100,,,,,,,,,
../../health/health.d\consul.conf,consul_license_expiration_time,consul.license_expiration_time,Errors,ServiceMesh,Consul,,seconds,60m,$this < 7*24*60*60,,Consul Enterprise licence expiration time on node ${label,sysadmin,$this < 14*24*60*60,,,$license_expiration,,,,,,,,,
../../health/health.d\consul.conf,consul_autopilot_health_status,consul.autopilot_health_status,Errors,ServiceMesh,Consul,,status,10s,,down 5m multiplier 1.5 max 1h,datacenter ${label,sysadmin,$this == 1,,,$unhealthy,,,,,,,,,
../../health/health.d\consul.conf,consul_autopilot_server_health_status,consul.autopilot_server_health_status,Errors,ServiceMesh,Consul,,status,10s,,down 5m multiplier 1.5 max 1h,server ${label,sysadmin,$this == 1,,,$unhealthy,,,,,,,,,
../../health/health.d\consul.conf,consul_raft_leader_last_contact_time,consul.raft_leader_last_contact_time,Errors,ServiceMesh,Consul,average -1m unaligned of quantile_0.5,milliseconds,10s,$this > (($status == $CRITICAL) ? (200),down 5m multiplier 1.5 max 1h,median time elapsed since leader server ${label,sysadmin,$this > (($status >= $WARNING)  ? (150),,,,,,,,,,,,
../../health/health.d\consul.conf,consul_raft_leadership_transitions,consul.raft_leadership_transitions_rate,Errors,ServiceMesh,Consul,sum -1m unaligned,transitions,10s,,down 5m multiplier 1.5 max 1h,there has been a leadership change and server ${label,sysadmin,$this > 0,,,,,,,,,,,,
../../health/health.d\consul.conf,consul_raft_thread_main_saturation,consul.raft_thread_main_saturation_perc,Utilization,ServiceMesh,Consul,average -1m unaligned of quantile_0.9,percentage,10s,,down 5m multiplier 1.5 max 1h,average saturation of the main Raft goroutine on server ${label,sysadmin,$this > (($status >= $WARNING)  ? (40),,,,,,,,,,,,
../../health/health.d\consul.conf,consul_raft_thread_fsm_saturation,consul.raft_thread_fsm_saturation_perc,Utilization,ServiceMesh,Consul,average -1m unaligned of quantile_0.9,milliseconds,10s,,down 5m multiplier 1.5 max 1h,average saturation of the FSM Raft goroutine on server ${label,sysadmin,$this > (($status >= $WARNING)  ? (40),,,,,,,,,,,,
../../health/health.d\consul.conf,consul_client_rpc_requests_exceeded,consul.client_rpc_requests_exceeded_rate,Errors,ServiceMesh,Consul,sum -1m unaligned,requests,10s,,down 5m multiplier 1.5 max 1h,number of rate-limited RPC requests made by server ${label,sysadmin,$this > (($status >= $WARNING)  ? (0),,,,,,,,,,,,
../../health/health.d\consul.conf,consul_client_rpc_requests_failed,consul.client_rpc_requests_failed_rate,Errors,ServiceMesh,Consul,sum -1m unaligned,requests,10s,,down 5m multiplier 1.5 max 1h,number of failed RPC requests made by server ${label,sysadmin,$this > (($status >= $WARNING)  ? (0),,,,,,,,,,,,
../../health/health.d\consul.conf,consul_node_health_check_status,consul.node_health_check_status,Errors,ServiceMesh,Consul,,status,10s,,down 5m multiplier 1.5 max 1h,node health check ${label,sysadmin,$this != nan AND $this != 0,,,$warning + $critical,,,,,,,,,
../../health/health.d\consul.conf,consul_service_health_check_status,consul.service_health_check_status,Errors,ServiceMesh,Consul,,status,10s,,down 5m multiplier 1.5 max 1h,service health check ${label,sysadmin,$this == 1,,,$warning + $critical,,,,,,,,,
../../health/health.d\consul.conf,consul_gc_pause_time,consul.gc_pause_time,Errors,ServiceMesh,Consul,sum -1m unaligned,seconds,10s,$this > (($status >= $WARNING)  ? (2),down 5m multiplier 1.5 max 1h,time spent in stop-the-world garbage collection pauses on server ${label,sysadmin,$this > (($status >= $WARNING)  ? (1),,,,,,,,,,,,
../../health/health.d\cpu.conf,10min_cpu_usage,system.cpu,Utilization,System,CPU,"average -10m unaligned of user,system,softirq,irq,guest",%,1m,$this > (($status == $CRITICAL) ? (85),down 15m multiplier 1.5 max 1h,"average CPU utilization over the last 10 minutes (excluding iowait, nice and steal)",sysadmin,$this > (($status >= $WARNING)  ? (75),linux,*,,,,,,,,,,
../../health/health.d\cpu.conf,10min_cpu_iowait,system.cpu,Utilization,System,CPU,average -10m unaligned of iowait,%,1m,$this > (($status == $CRITICAL) ? (40),down 15m multiplier 1.5 max 1h,average CPU iowait time over the last 10 minutes,sysadmin,$this > (($status >= $WARNING)  ? (20),linux,*,,,,,,,,,,
../../health/health.d\cpu.conf,20min_steal_cpu,system.cpu,Latency,System,CPU,average -20m unaligned of steal,%,5m,$this > (($status == $CRITICAL) ? (20),down 1h multiplier 1.5 max 2h,average CPU steal time over the last 20 minutes,sysadmin,$this > (($status >= $WARNING)  ? (5),linux,*,,,,,,,,,,
../../health/health.d\cpu.conf,10min_cpu_usage,system.cpu,Utilization,System,CPU,"average -10m unaligned of user,system,interrupt",%,1m,$this > (($status == $CRITICAL) ? (85),down 15m multiplier 1.5 max 1h,average CPU utilization over the last 10 minutes (excluding nice),sysadmin,$this > (($status >= $WARNING)  ? (75),freebsd,*,,,,,,,,,,
../../health/health.d\dbengine.conf,,netdata.dbengine_global_errors,Errors,Netdata,DB engine,sum -10m unaligned of fs_errors,errors,10s,$this > 0,down 15m multiplier 1.5 max 1h,"number of filesystem errors in the last 10 minutes (too many open files, wrong permissions, etc)",sysadmin,,linux freebsd macos,*,,,,10min_dbengine_global_fs_errors,,,,,,
../../health/health.d\dbengine.conf,,netdata.dbengine_global_errors,Errors,Netdata,DB engine,sum -10m unaligned of io_errors,errors,10s,$this > 0,down 1h multiplier 1.5 max 3h,"number of IO errors in the last 10 minutes (CRC errors, out of space, bad disk, etc)",sysadmin,,linux freebsd macos,*,,,,10min_dbengine_global_io_errors,,,,,,
../../health/health.d\dbengine.conf,,netdata.dbengine_global_errors,Errors,Netdata,DB engine,sum -10m unaligned of pg_cache_over_half_dirty_events,errors,10s,,down 1h multiplier 1.5 max 3h,number of times when dbengine dirty pages were over 50% of the instance's page cache in the last 10 minutes. \,sysadmin,$this > 0,linux freebsd macos,*,,,,10min_dbengine_global_flushing_warnings,,,,,,
../../health/health.d\dbengine.conf,,netdata.dbengine_long_term_page_stats,Errors,Netdata,DB engine,sum -10m unaligned of flushing_pressure_deletions,pages,10s,$this != 0,down 1h multiplier 1.5 max 3h,number of pages deleted due to failure to flush data to disk in the last 10 minutes. \,sysadmin,,linux freebsd macos,*,,,,10min_dbengine_global_flushing_errors,,,,,,
../../health/health.d\disks.conf,,,,,,,,,,,,,,,,,,,,,,,,,
../../health/health.d\disks.conf,,,,,,,,,,,,,,,,,,,,,,,,,
../../health/health.d\disks.conf,disk_space_usage,disk.space,Utilization,System,Disk,,%,1m,$this > (($status == $CRITICAL) ? (90),up 1m down 15m multiplier 1.5 max 1h,disk ${label,sysadmin,$this > (($status >= $WARNING ) ? (80),linux freebsd,*,$used * 100 / ($avail + $used),!/dev !/dev/* !/run !/run/* *,,,,,,,,
../../health/health.d\disks.conf,disk_inode_usage,disk.inodes,Utilization,System,Disk,,%,1m,$this > (($status == $CRITICAL) ? (90),up 1m down 15m multiplier 1.5 max 1h,disk ${label,sysadmin,$this > (($status >= $WARNING)  ? (80),linux freebsd,*,$used * 100 / ($avail + $used),!/dev !/dev/* !/run !/run/* *,,,,,,,,
../../health/health.d\disks.conf,,,,,,,,,,,,,,,,,,,,,,,,,
../../health/health.d\disks.conf,,,,,,,,,,,,,,,,,,,,,,,,,
../../health/health.d\disks.conf,,,,,,,,,,,,,,,,,,,,,,,,,
../../health/health.d\disks.conf,,,,,,,,,,,,,,,,,,,,,,,,,
../../health/health.d\disks.conf,,,,,,,,,,,,,,,,,,,,,,,,,
../../health/health.d\disks.conf,,,,,,,,,,,,,,,,,,,,,,,,,
../../health/health.d\disks.conf,,,,,,,,,,,,,,,,,,,,,,,,,
../../health/health.d\disks.conf,,,,,,,,,,,,,,,,,,,,,,,,,
../../health/health.d\disks.conf,,,,,,,,,,,,,,,,,,,,,,,,,
../../health/health.d\disks.conf,,,,,,,,,,,,,,,,,,,,,,,,,
../../health/health.d\disks.conf,,,,,,,,,,,,,,,,,,,,,,,,,
../../health/health.d\disks.conf,,,,,,,,,,,,,,,,,,,,,,,,,
../../health/health.d\disks.conf,,,,,,,,,,,,,,,,,,,,,,,,,
../../health/health.d\disks.conf,,,,,,,,,,,,,,,,,,,,,,,,,
../../health/health.d\disks.conf,10min_disk_utilization,disk.util,Utilization,System,Disk,average -10m unaligned,%,1m,,down 15m multiplier 1.2 max 1h,average percentage of time ${label,silent,$this > 98 * (($status >= $WARNING)  ? (0.7),linux freebsd,*,,*,,,,,,,,
../../health/health.d\disks.conf,,,,,,,,,,,,,,,,,,,,,,,,,
../../health/health.d\disks.conf,10min_disk_backlog,disk.backlog,Latency,System,Disk,average -10m unaligned,ms,1m,,down 15m multiplier 1.2 max 1h,average backlog size of the ${label,silent,$this > 5000 * (($status >= $WARNING)  ? (0.7),linux,*,,*,,,,,,,,
../../health/health.d\dnsmasq_dhcp.conf,dnsmasq_dhcp_dhcp_range_utilization,dnsmasq_dhcp.dhcp_range_utilization,Utilization,DHCP,Dnsmasq,,%,10s,$this > ( ($status == $CRITICAL) ? ( 90 ),down 5m,DHCP range utilization,sysadmin,$this > ( ($status >= $WARNING ) ? ( 80 ),,,$used,,,,,,,,,
../../health/health.d\dns_query.conf,dns_query_query_status,dns_query.query_status,Errors,DNS,DNS,,status,10s,,up 30s down 5m multiplier 1.5 max 1h,DNS request type ${label,sysadmin,$this != nan && $this != 1,,,$success,,,,,,,,,
../../health/health.d\dockerd.conf,docker_unhealthy_containers,docker.unhealthy_containers,Errors,Containers,Docker,average -10s,unhealthy containers,10s,$this > 0,,average number of unhealthy docker containers over the last 10 seconds,sysadmin,,,,,,,,,,,,,
../../health/health.d\elasticsearch.conf,elasticsearch_cluster_health_status_red,elasticsearch.cluster_health_status,Errors,SearchEngine,Elasticsearch,average -5s unaligned of *ed,status,10s,,down 5m multiplier 1.5 max 1h,cluster health status is red.,sysadmin,$this == 1,,,,,,,,,,,,
../../health/health.d\elasticsearch.conf,elasticsearch_cluster_health_status_yellow,elasticsearch.cluster_health_status,Errors,SearchEngine,Elasticsearch,average -10m unaligned of yellow,status,1m,,down 5m multiplier 1.5 max 1h,cluster health status is yellow.,sysadmin,$this == 1,,,,,,,,,,,,
../../health/health.d\elasticsearch.conf,elasticsearch_node_index_health_red,elasticsearch.node_index_health,Errors,SearchEngine,Elasticsearch,average -5s unaligned of *ed,status,10s,,down 5m multiplier 1.5 max 1h,node index $label,sysadmin,$this == 1,,,,,,,,,,,,
../../health/health.d\elasticsearch.conf,elasticsearch_node_indices_search_time_query,elasticsearch.node_indices_search_time,Workload,SearchEngine,Elasticsearch,average -10m unaligned of query,milliseconds,10s,,down 5m multiplier 1.5 max 1h,"search performance is degraded, queries run slowly.",sysadmin,$this > (($status >= $WARNING)  ? (20 * 1000),,,,,,,,,,,,
../../health/health.d\elasticsearch.conf,elasticsearch_node_indices_search_time_fetch,elasticsearch.node_indices_search_time,Workload,SearchEngine,Elasticsearch,average -10m unaligned of fetch,milliseconds,10s,$this > (($status == $CRITICAL) ? (5 * 1000),down 5m multiplier 1.5 max 1h,"search performance is degraded, fetches run slowly.",sysadmin,$this > (($status >= $WARNING)  ? (3 * 1000),,,,,,,,,,,,
../../health/health.d\entropy.conf,,,,,,,,,,,,,,,,,,,,,,,,,
../../health/health.d\entropy.conf,,system.entropy,Utilization,System,Cryptography,min -5m unaligned,entries,5m,,down 1h multiplier 1.5 max 2h,minimum number of entries in the random numbers pool in the last 5 minutes,silent,$this < (($status >= $WARNING) ? (200),linux,*,,,,lowest_entropy,,,,,,
../../health/health.d\exporting.conf,exporting_last_buffering,exporting_data_size,Latency,Netdata,Exporting engine,,seconds ago,10s,$this > (($status == $CRITICAL) ? ($update_every),down 5m multiplier 1.5 max 1h,number of seconds since the last successful buffering of exporting data,dba,$this > (($status >= $WARNING)  ? ($update_every),,,$now - $last_collected_t,*,,,,,,,,
../../health/health.d\exporting.conf,exporting_metrics_sent,exporting_data_size,Workload,Netdata,Exporting engine,,%,10s,,down 5m multiplier 1.5 max 1h,percentage of metrics sent to the external database server,dba,$this != 100,,,abs($sent) * 100 / abs($buffered),*,,,,,,,,
../../health/health.d\gearman.conf,gearman_workers_queued,gearman.single_job,Latency,Computing,Gearman,average -10m unaligned match-names of Pending,workers,10s,$this > 100000,down 5m multiplier 1.5 max 1h,average number of queued jobs over the last 10 minutes,sysadmin,$this > 30000,,,,,,,,,,,,
../../health/health.d\geth.conf,geth_chainhead_diff_between_header_block,geth.chainhead,Workload,ethereum_node,geth,,blocks,10s,$this > 5,down 1m multiplier 1.5 max 1h,,,$this != 0,,,$chain_head_block -  $chain_head_header,,,,,,,,,
../../health/health.d\go.d.plugin.conf,go.d_job_last_collected_secs,netdata.go_plugin_execution_time,Errors,Netdata,go.d.plugin,,seconds ago,10s,$this > (($status == $CRITICAL) ? ($update_every),down 5m multiplier 1.5 max 1h,number of seconds since the last successful data collection,webmaster,$this > (($status >= $WARNING)  ? ($update_every),,,$now - $last_collected_t,,,,!* *,,,,,
../../health/health.d\haproxy.conf,haproxy_backend_server_status,haproxy_hs.down,Errors,Web Proxy,HAProxy,average -10s,failed servers,10s,$this > 0,,average number of failed haproxy backend servers over the last 10 seconds,sysadmin,,,,,,,,,,,,,
../../health/health.d\haproxy.conf,haproxy_backend_status,haproxy_hb.down,Errors,Web Proxy,HAProxy,average -10s,failed backend,10s,$this > 0,,average number of failed haproxy backends over the last 10 seconds,sysadmin,,,,,,,,,,,,,
../../health/health.d\hdfs.conf,hdfs_capacity_usage,hdfs.capacity,Utilization,Storage,HDFS,,%,10s,$this > (($status == $CRITICAL) ? (80),down 15m multiplier 1.5 max 1h,summary datanodes space capacity utilization,sysadmin,$this > (($status >= $WARNING)  ? (70),,,($used) * 100 / ($used + $remaining),,,,,,,,,
../../health/health.d\hdfs.conf,hdfs_missing_blocks,hdfs.blocks,Errors,Storage,HDFS,,missing blocks,10s,,down 15m multiplier 1.5 max 1h,number of missing blocks,sysadmin,$this > 0,,,$missing,,,,,,,,,
../../health/health.d\hdfs.conf,hdfs_stale_nodes,hdfs.data_nodes,Errors,Storage,HDFS,,dead nodes,10s,,down 15m multiplier 1.5 max 1h,number of datanodes marked stale due to delayed heartbeat,sysadmin,$this > 0,,,$stale,,,,,,,,,
../../health/health.d\hdfs.conf,hdfs_dead_nodes,hdfs.data_nodes,Errors,Storage,HDFS,,dead nodes,10s,$this > 0,down 15m multiplier 1.5 max 1h,number of datanodes which are currently dead,sysadmin,,,,$dead,,,,,,,,,
../../health/health.d\hdfs.conf,hdfs_num_failed_volumes,hdfs.num_failed_volumes,Errors,Storage,HDFS,,failed volumes,10s,,down 15m multiplier 1.5 max 1h,number of failed volumes,sysadmin,$this > 0,,,$fsds_num_failed_volumes,,,,,,,,,
../../health/health.d\httpcheck.conf,httpcheck_web_service_up,httpcheck.status,Utilization,Web Server,HTTP endpoint,average -1m unaligned percentage of success,up/down,5s,,,HTTP endpoint ${label,silent,,,,($this < 75) ? (0),*,,,,,,,,
../../health/health.d\httpcheck.conf,httpcheck_web_service_bad_content,httpcheck.status,Workload,Web Server,HTTP endpoint,average -5m unaligned percentage of bad_content,%,10s,$this >= 40,down 5m multiplier 1.5 max 1h,percentage of HTTP responses from ${label,webmaster,$this >= 10 AND $this < 40,,,,*,,,,,,,,
../../health/health.d\httpcheck.conf,httpcheck_web_service_bad_status,httpcheck.status,Workload,Web Server,HTTP endpoint,average -5m unaligned percentage of bad_status,%,10s,$this >= 40,down 5m multiplier 1.5 max 1h,percentage of HTTP responses from ${label,webmaster,$this >= 10 AND $this < 40,,,,*,,,,,,,,
../../health/health.d\httpcheck.conf,httpcheck_web_service_timeouts,httpcheck.status,Latency,Web Server,HTTP endpoint,average -5m unaligned percentage of timeout,%,10s,$this >= 40,down 5m multiplier 1.5 max 1h,percentage of timed-out HTTP requests to ${label,webmaster,$this >= 10 AND $this < 40,,,,*,,,,,,,,
../../health/health.d\httpcheck.conf,httpcheck_web_service_no_connection,httpcheck.status,Errors,Other,HTTP endpoint,average -5m unaligned percentage of no_connection,%,10s,$this >= 40,down 5m multiplier 1.5 max 1h,percentage of failed HTTP requests to ${label,webmaster,$this >= 10 AND $this < 40,,,,*,,,,,,,,
../../health/health.d\ioping.conf,ioping_disk_latency,ioping.latency,Latency,System,Disk,average -10s unaligned of latency,microseconds,10s,$this > $red,down 30m multiplier 1.5 max 2h,average I/O latency over the last 10 seconds,sysadmin,$this > $green,,,,*,,,,5000,10000,,,
../../health/health.d\ipc.conf,,system.ipc_semaphores,Utilization,System,IPC,,%,10s,$this > (($status == $CRITICAL) ? (70),down 5m multiplier 1.5 max 1h,IPC semaphore utilization,sysadmin,$this > (($status >= $WARNING)  ? (70),linux,*,$semaphores * 100 / $ipc_semaphores_max,,,semaphores_used,,,,,,
../../health/health.d\ipc.conf,,system.ipc_semaphore_arrays,Utilization,System,IPC,,%,10s,$this > (($status == $CRITICAL) ? (70),down 5m multiplier 1.5 max 1h,IPC semaphore arrays utilization,sysadmin,$this > (($status >= $WARNING)  ? (70),linux,*,$arrays * 100 / $ipc_semaphores_arrays_max,,,semaphore_arrays_used,,,,,,
../../health/health.d\ipfs.conf,ipfs_datastore_usage,ipfs.repo_size,Utilization,Data Sharing,IPFS,,%,10s,$this > (($status == $CRITICAL) ? (90),down 15m multiplier 1.5 max 1h,IPFS datastore utilization,sysadmin,$this > (($status >= $WARNING)  ? (80),,,$size * 100 / $avail,,,,,,,,,
../../health/health.d\ipmi.conf,,ipmi.sensors_states,Errors,System,IPMI,,sensors,10s,$critical > 0,up 5m down 15m multiplier 1.5 max 1h,number of IPMI sensors in non-nominal state,sysadmin,$this > 0,,,$warning + $critical,,,ipmi_sensors_states,,,,,,
../../health/health.d\ipmi.conf,,ipmi.events,Utilization,System,IPMI,,events,10s,,up 5m down 15m multiplier 1.5 max 1h,number of events in the IPMI System Event Log (SEL),sysadmin,$this > 0,,,$events,,,ipmi_events,,,,,,
../../health/health.d\isc_dhcpd.conf,,,,,,,,,,,,,,,,,,,,,,,,,
../../health/health.d\kubelet.conf,kubelet_node_config_error,k8s_kubelet.kubelet_node_config_error,Errors,Kubernetes,Kubelet,,bool,10s,,down 1m multiplier 1.5 max 2h,the node is experiencing a configuration-related error (0,sysadmin,$this == 1,,,$experiencing_error,,,,,,,,,
../../health/health.d\kubelet.conf,kubelet_token_requests,k8s_kubelet.kubelet_token_requests,Errors,Kubernetes,Kubelet,sum -10s of failed,requests,10s,,down 1m multiplier 1.5 max 2h,number of failed Token() requests to the alternate token source,sysadmin,$this > 0,,,,,,,,,,,,
../../health/health.d\kubelet.conf,kubelet_operations_error,k8s_kubelet.kubelet_operations_errors,Errors,Kubernetes,Kubelet,sum -1m,errors,10s,,up 30s down 1m multiplier 1.5 max 2h,number of Docker or runtime operation errors,sysadmin,$this > (($status >= $WARNING)  ? (0),,,,,,,,,,,,
../../health/health.d\kubelet.conf,,,,,,,,,,,,,,,,,,,,,,,,,
../../health/health.d\kubelet.conf,kubelet_1m_pleg_relist_latency_quantile_05,k8s_kubelet.kubelet_pleg_relist_latency_microseconds,Latency,Kubernetes,Kubelet,average -1m unaligned of 0.5,microseconds,10s,,,average Pod Lifecycle Event Generator relisting latency over the last minute (quantile 0.5),,,,,,,,,,,,,,
../../health/health.d\kubelet.conf,kubelet_10s_pleg_relist_latency_quantile_05,k8s_kubelet.kubelet_pleg_relist_latency_microseconds,Latency,Kubernetes,Kubelet,average -10s unaligned of 0.5,%,10s,$this > (($status >= $WARNING)?(200),down 1m multiplier 1.5 max 2h,"ratio of average Pod Lifecycle Event Generator relisting latency over the last 10 seconds, \",sysadmin,$this > (($status >= $WARNING)?(100),,,$this * 100 / (($kubelet_1m_pleg_relist_latency_quantile_05 < 1000)?(1000),,,,,,,,,
../../health/health.d\kubelet.conf,kubelet_1m_pleg_relist_latency_quantile_09,k8s_kubelet.kubelet_pleg_relist_latency_microseconds,Latency,Kubernetes,Kubelet,average -1m unaligned of 0.9,microseconds,10s,,,average Pod Lifecycle Event Generator relisting latency over the last minute (quantile 0.9),,,,,,,,,,,,,,
../../health/health.d\kubelet.conf,kubelet_10s_pleg_relist_latency_quantile_09,k8s_kubelet.kubelet_pleg_relist_latency_microseconds,Latency,Kubernetes,Kubelet,average -10s unaligned of 0.9,%,10s,$this > (($status >= $WARNING)?(400),down 1m multiplier 1.5 max 2h,"ratio of average Pod Lifecycle Event Generator relisting latency over the last 10 seconds, \",sysadmin,$this > (($status >= $WARNING)?(200),,,$this * 100 / (($kubelet_1m_pleg_relist_latency_quantile_09 < 1000)?(1000),,,,,,,,,
../../health/health.d\kubelet.conf,kubelet_1m_pleg_relist_latency_quantile_099,k8s_kubelet.kubelet_pleg_relist_latency_microseconds,Latency,Kubernetes,Kubelet,average -1m unaligned of 0.99,microseconds,10s,,,average Pod Lifecycle Event Generator relisting latency over the last minute (quantile 0.99),,,,,,,,,,,,,,
../../health/health.d\kubelet.conf,kubelet_10s_pleg_relist_latency_quantile_099,k8s_kubelet.kubelet_pleg_relist_latency_microseconds,Latency,Kubernetes,Kubelet,average -10s unaligned of 0.99,%,10s,$this > (($status >= $WARNING)?(800),down 1m multiplier 1.5 max 2h,"ratio of average Pod Lifecycle Event Generator relisting latency over the last 10 seconds, \",sysadmin,$this > (($status >= $WARNING)?(400),,,$this * 100 / (($kubelet_1m_pleg_relist_latency_quantile_099 < 1000)?(1000),,,,,,,,,
../../health/health.d\linux_power_supply.conf,linux_power_supply_capacity,powersupply.capacity,Utilization,Power Supply,Battery,,%,10s,$this < 5,up 30s down 5m multiplier 1.2 max 1h,percentage of remaining power supply capacity,sysadmin,$this < 10,,,$capacity,,,,,,,,,
../../health/health.d\load.conf,,system.load,Utilization,System,Load,,cpus,1m,,,number of active CPU cores in the system,,,linux,*,($active_processors == nan or $active_processors == 0) ? (nan),,,load_cpu_number,,,,,,
../../health/health.d\load.conf,,,,,,,,,,,,,,,,,,,,,,,,,
../../health/health.d\load.conf,,system.load,Utilization,System,Load,max -1m unaligned of load15,load,1m,,down 15m multiplier 1.5 max 1h,system fifteen-minute load average,sysadmin,($this * 100 / $load_cpu_number) > (($status >= $WARNING) ? 175,linux,*,($load_cpu_number == nan) ? (nan),,,load_average_15,,,,,,
../../health/health.d\load.conf,,system.load,Utilization,System,Load,max -1m unaligned of load5,load,1m,,down 15m multiplier 1.5 max 1h,system five-minute load average,sysadmin,($this * 100 / $load_cpu_number) > (($status >= $WARNING) ? 350,linux,*,($load_cpu_number == nan) ? (nan),,,load_average_5,,,,,,
../../health/health.d\load.conf,,system.load,Utilization,System,Load,max -1m unaligned of load1,load,1m,,down 15m multiplier 1.5 max 1h,system one-minute load average,sysadmin,($this * 100 / $load_cpu_number) > (($status >= $WARNING) ? 700,linux,*,($load_cpu_number == nan) ? (nan),,,load_average_1,,,,,,
../../health/health.d\mdstat.conf,mdstat_last_collected,md.disks,Latency,System,RAID,,seconds ago,10s,$this > (($status == $CRITICAL) ? ($update_every),,number of seconds since the last successful data collection,sysadmin,$this > (($status >= $WARNING)  ? ($update_every),,,$now - $last_collected_t,,,,,,,,,
../../health/health.d\mdstat.conf,mdstat_disks,md.disks,Errors,System,RAID,,failed devices,10s,$this > 0,,number of devices in the down state for the ${label,sysadmin,,,,$down,,,,,,,,,
../../health/health.d\mdstat.conf,mdstat_mismatch_cnt,md.mismatch_cnt,Errors,System,RAID,,unsynchronized blocks,60s,,up 30m,number of unsynchronized blocks for the ${label,sysadmin,$this > 1024,,,$count,!*(raid1) !*(raid10) *,,,,,,,,
../../health/health.d\mdstat.conf,mdstat_nonredundant_last_collected,md.nonredundant,Latency,System,RAID,,seconds ago,10s,$this > (($status == $CRITICAL) ? ($update_every),,number of seconds since the last successful data collection,sysadmin,$this > (($status >= $WARNING)  ? ($update_every),,,$now - $last_collected_t,,,,,,,,,
../../health/health.d\megacli.conf,megacli_adapter_state,megacli.adapter_degraded,Errors,System,RAID,max -10s foreach *,boolean,10s,$this > 0,down 5m multiplier 2 max 10m,adapter is in the degraded state (0,sysadmin,,,,,,,,,,,,,
../../health/health.d\megacli.conf,megacli_pd_predictive_failures,megacli.pd_predictive_failure,Errors,System,RAID,sum -10s foreach *,predictive failures,10s,,up 1m down 5m multiplier 2 max 10m,number of physical drive predictive failures,sysadmin,$this > 0,,,,,,,,,,,,
../../health/health.d\megacli.conf,megacli_pd_media_errors,megacli.pd_media_error,Errors,System,RAID,sum -10s foreach *,media errors,10s,,up 1m down 5m multiplier 2 max 10m,number of physical drive media errors,sysadmin,$this > 0,,,,,,,,,,,,
../../health/health.d\megacli.conf,megacli_bbu_relative_charge,megacli.bbu_relative_charge,Workload,System,RAID,average -10s,percent,10s,$this <= (($status == $CRITICAL)  ? (50),,average battery backup unit (BBU) relative state of charge over the last 10 seconds,sysadmin,$this <= (($status >= $WARNING)  ? (85),,,,,,,,,,,,
../../health/health.d\megacli.conf,megacli_bbu_cycle_count,megacli.bbu_cycle_count,Workload,System,RAID,average -10s,cycles,10s,$this >= 500,,average battery backup unit (BBU) charge cycles count over the last 10 seconds,sysadmin,$this >= 100,,,,,,,,,,,,
../../health/health.d\memcached.conf,memcached_cache_memory_usage,memcached.cache,Utilization,KV Storage,Memcached,,%,10s,$this > (($status == $CRITICAL) ? (80),up 0 down 15m multiplier 1.5 max 1h,cache memory utilization,dba,$this > (($status >= $WARNING)  ? (70),,,$used * 100 / ($used + $available),,,,,,,,,
../../health/health.d\memcached.conf,memcached_cache_fill_rate,memcached.cache,Utilization,KV Storage,Memcached,min -10m at -50m unaligned of available,KB/hour,1m,,,"average rate the cache fills up (positive), or frees up (negative) space over the last hour",,,,,($this - $available) / (($now - $after) / 3600),,,,,,,,,
../../health/health.d\memcached.conf,memcached_out_of_cache_space_time,memcached.cache,Utilization,KV Storage,Memcached,,hours,10s,$this > 0 and $this < (($status == $CRITICAL) ? (24),down 15m multiplier 1.5 max 1h,estimated time the cache will run out of space \,dba,$this > 0 and $this < (($status >= $WARNING)  ? (48),,,($memcached_cache_fill_rate > 0) ? ($available / $memcached_cache_fill_rate),,,,,,,,,
../../health/health.d\memory.conf,,mem.ecc_ce,Errors,System,Memory,sum -10m unaligned,errors,1m,,down 1h multiplier 1.5 max 1h,number of ECC correctable errors in the last 10 minutes,sysadmin,$this > 0,linux,*,,,,1hour_ecc_memory_correctable,,,,,,
../../health/health.d\memory.conf,,mem.ecc_ue,Errors,System,Memory,sum -10m unaligned,errors,1m,$this > 0,down 1h multiplier 1.5 max 1h,number of ECC uncorrectable errors in the last 10 minutes,sysadmin,,linux,*,,,,1hour_ecc_memory_uncorrectable,,,,,,
../../health/health.d\memory.conf,,mem.hwcorrupt,Errors,System,Memory,,MB,10s,,down 1h multiplier 1.5 max 1h,amount of memory corrupted due to a hardware failure,sysadmin,$this > 0,linux,*,$HardwareCorrupted,,,1hour_memory_hw_corrupted,,,,,,
../../health/health.d\ml.conf,,,,,,,,,,,,,,,,,,,,,,,,,
../../health/health.d\ml.conf,,,,,,,,,,,,,,,,,,,,,,,,,
../../health/health.d\ml.conf,,,,,,,,,,,,,,,,,,,,,,,,,
../../health/health.d\ml.conf,,,,,,,,,,,,,,,,,,,,,,,,,
../../health/health.d\mysql.conf,mysql_10s_slow_queries,mysql.queries,Latency,Database,MySQL,sum -10s of slow_queries,slow queries,10s,$this > (($status == $CRITICAL) ? (10),down 5m multiplier 1.5 max 1h,number of slow queries in the last 10 seconds,dba,$this > (($status >= $WARNING)  ? (5),,,,,,,,,,,,
../../health/health.d\mysql.conf,,,,,,,,,,,,,,,,,,,,,,,,,
../../health/health.d\mysql.conf,mysql_10s_table_locks_immediate,mysql.table_locks,Utilization,Database,MySQL,sum -10s absolute of immediate,immediate locks,10s,,,number of table immediate locks in the last 10 seconds,dba,,,,,,,,,,,,,
../../health/health.d\mysql.conf,mysql_10s_table_locks_waited,mysql.table_locks,Latency,Database,MySQL,sum -10s absolute of waited,waited locks,10s,,,number of table waited locks in the last 10 seconds,dba,,,,,,,,,,,,,
../../health/health.d\mysql.conf,mysql_10s_waited_locks_ratio,mysql.table_locks,Latency,Database,MySQL,,%,10s,$this > (($status == $CRITICAL) ? (25),down 30m multiplier 1.5 max 1h,ratio of waited table locks over the last 10 seconds,dba,$this > (($status >= $WARNING)  ? (10),,,( ($mysql_10s_table_locks_waited + $mysql_10s_table_locks_immediate) > 0 ) ? (($mysql_10s_table_locks_waited * 100) / ($mysql_10s_table_locks_waited + $mysql_10s_table_locks_immediate)),,,,,,,,,
../../health/health.d\mysql.conf,,,,,,,,,,,,,,,,,,,,,,,,,
../../health/health.d\mysql.conf,mysql_connections,mysql.connections_active,Utilization,Database,MySQL,,%,10s,$this > (($status == $CRITICAL) ? (80),down 15m multiplier 1.5 max 1h,client connections utilization,dba,$this > (($status >= $WARNING)  ? (60),,,$active * 100 / $limit,,,,,,,,,
../../health/health.d\mysql.conf,,,,,,,,,,,,,,,,,,,,,,,,,
../../health/health.d\mysql.conf,mysql_replication,mysql.slave_status,Errors,Database,MySQL,,ok/failed,10s,$this == 0,down 5m multiplier 1.5 max 1h,replication status (0,dba,,,,($sql_running <= 0 OR $io_running <= 0)?0,,,,,,,,,
../../health/health.d\mysql.conf,mysql_replication_lag,mysql.slave_behind,Latency,Database,MySQL,,seconds,10s,$this > (($status == $CRITICAL) ? (10),down 15m multiplier 1.5 max 1h,difference between the timestamp of the latest transaction processed by the SQL thread and \,dba,$this > (($status >= $WARNING)  ? (5),,,$seconds,,,,,,,,,
../../health/health.d\mysql.conf,,,,,,,,,,,,,,,,,,,,,,,,,
../../health/health.d\mysql.conf,mysql_galera_cluster_size_max_2m,mysql.galera_cluster_size,Utilization,Database,MySQL,max -2m at -1m unaligned,nodes,10s,,,maximum galera cluster size in the last 2 minutes starting one minute ago,dba,,,,,,,,,,,,,
../../health/health.d\mysql.conf,mysql_galera_cluster_size,mysql.galera_cluster_size,Utilization,Database,MySQL,,nodes,10s,$this < $mysql_galera_cluster_size_max_2m,up 20s down 5m multiplier 1.5 max 1h,"current galera cluster size, compared to the maximum size in the last 2 minutes",dba,$this > $mysql_galera_cluster_size_max_2m,,,$nodes,,,,,,,,,
../../health/health.d\mysql.conf,mysql_galera_cluster_state_warn,mysql.galera_cluster_state,Errors,Database,MySQL,,,10s,,up 30s down 5m multiplier 1.5 max 1h,galera node state is either Donor/Desynced or Joined.,dba,$this != nan AND $this != 0,,,$donor + $joined,,,,,,,,,
../../health/health.d\mysql.conf,mysql_galera_cluster_state_crit,mysql.galera_cluster_state,Errors,Database,MySQL,,,10s,$this != nan AND $this != 0,up 30s down 5m multiplier 1.5 max 1h,galera node state is either Undefined or Joining or Error.,dba,,,,$undefined + $joining + $error,,,,,,,,,
../../health/health.d\mysql.conf,mysql_galera_cluster_status,mysql.galera_cluster_status,Errors,Database,MySQL,,,10s,$this != nan AND $this != 1,up 30s down 5m multiplier 1.5 max 1h,galera node is part of a nonoperational component. \,dba,,,,$primary,,,,,,,,,
../../health/health.d\net.conf,interface_speed,net.net,Latency,System,Network,,Mbit,10s,,,network interface ${label,,,*,*,( $nic_speed_max > 0 ) ? ( $nic_speed_max),*,,,,,,,,
../../health/health.d\net.conf,1m_received_traffic_overflow,net.net,Workload,System,Network,average -1m unaligned absolute of received,%,10s,,up 1m down 1m multiplier 1.5 max 1h,average inbound utilization for the network interface ${label,sysadmin,$this > (($status >= $WARNING)  ? (85),linux,*,($interface_speed > 0) ? ($this * 100 / ($interface_speed)),*,,,,,,,,
../../health/health.d\net.conf,1m_sent_traffic_overflow,net.net,Workload,System,Network,average -1m unaligned absolute of sent,%,10s,,up 1m down 1m multiplier 1.5 max 1h,average outbound utilization for the network interface ${label,sysadmin,$this > (($status >= $WARNING)  ? (85),linux,*,($interface_speed > 0) ? ($this * 100 / ($interface_speed)),*,,,,,,,,
../../health/health.d\net.conf,,,,,,,,,,,,,,,,,,,,,,,,,
../../health/health.d\net.conf,inbound_packets_dropped,net.drops,Errors,System,Network,sum -10m unaligned absolute of inbound,packets,1m,,,number of inbound dropped packets for the network interface ${label,,,linux,*,,*,,,,,,,,
../../health/health.d\net.conf,outbound_packets_dropped,net.drops,Errors,System,Network,sum -10m unaligned absolute of outbound,packets,1m,,,number of outbound dropped packets for the network interface ${label,,,linux,*,,*,,,,,,,,
../../health/health.d\net.conf,inbound_packets_dropped_ratio,net.packets,Errors,System,Network,sum -10m unaligned absolute of received,%,1m,,up 1m down 1h multiplier 1.5 max 2h,ratio of inbound dropped packets for the network interface ${label,sysadmin,$this >= 2,linux,*,(($inbound_packets_dropped != nan AND $this > 10000) ? ($inbound_packets_dropped * 100 / $this),!wl* *,,,,,,,,
../../health/health.d\net.conf,outbound_packets_dropped_ratio,net.packets,Errors,System,Network,sum -10m unaligned absolute of sent,%,1m,,up 1m down 1h multiplier 1.5 max 2h,ratio of outbound dropped packets for the network interface ${label,sysadmin,$this >= 2,linux,*,(($outbound_packets_dropped != nan AND $this > 1000) ? ($outbound_packets_dropped * 100 / $this),!wl* *,,,,,,,,
../../health/health.d\net.conf,wifi_inbound_packets_dropped_ratio,net.packets,Errors,System,Network,sum -10m unaligned absolute of received,%,1m,,up 1m down 1h multiplier 1.5 max 2h,ratio of inbound dropped packets for the network interface ${label,sysadmin,$this >= 10,linux,*,(($inbound_packets_dropped != nan AND $this > 10000) ? ($inbound_packets_dropped * 100 / $this),wl*,,,,,,,,
../../health/health.d\net.conf,wifi_outbound_packets_dropped_ratio,net.packets,Errors,System,Network,sum -10m unaligned absolute of sent,%,1m,,up 1m down 1h multiplier 1.5 max 2h,ratio of outbound dropped packets for the network interface ${label,sysadmin,$this >= 10,linux,*,(($outbound_packets_dropped != nan AND $this > 1000) ? ($outbound_packets_dropped * 100 / $this),wl*,,,,,,,,
../../health/health.d\net.conf,interface_inbound_errors,net.errors,Errors,System,Network,sum -10m unaligned absolute of inbound,errors,1m,,down 1h multiplier 1.5 max 2h,number of inbound errors for the network interface ${label,sysadmin,$this >= 5,freebsd,*,,*,,,,,,,,
../../health/health.d\net.conf,interface_outbound_errors,net.errors,Errors,System,Network,sum -10m unaligned absolute of outbound,errors,1m,,down 1h multiplier 1.5 max 2h,number of outbound errors for the network interface ${label,sysadmin,$this >= 5,freebsd,*,,*,,,,,,,,
../../health/health.d\net.conf,,,,,,,,,,,,,,,,,,,,,,,,,
../../health/health.d\net.conf,10min_fifo_errors,net.fifo,Errors,System,Network,sum -10m unaligned absolute,errors,1m,,down 1h multiplier 1.5 max 2h,number of FIFO errors for the network interface ${label,sysadmin,$this > 0,linux,*,,*,,,,,,,,
../../health/health.d\net.conf,,,,,,,,,,,,,,,,,,,,,,,,,
../../health/health.d\net.conf,1m_received_packets_rate,net.packets,Workload,System,Network,average -1m unaligned of received,packets,10s,,,average number of packets received by the network interface ${label,,,linux freebsd,*,,*,,,,,,,,
../../health/health.d\net.conf,10s_received_packets_storm,net.packets,Workload,System,Network,average -10s unaligned of received,%,10s,$this > (($status == $CRITICAL)?(5000),,ratio of average number of received packets for the network interface ${label,sysadmin,$this > (($status >= $WARNING)?(200),linux freebsd,*,$this * 100 / (($1m_received_packets_rate < 1000)?(1000),*,no-clear-notification,,,,,,,
../../health/health.d\netfilter.conf,,netfilter.conntrack_sockets,Workload,System,Network,max -10s unaligned of connections,%,10s,$this > (($status == $CRITICAL) ? (90),down 5m multiplier 1.5 max 1h,netfilter connection tracker table size utilization,sysadmin,$this > (($status >= $WARNING)  ? (85),linux,*,$this * 100 / $netfilter_conntrack_max,,,netfilter_conntrack_full,,,,,,
../../health/health.d\nut.conf,nut_10min_ups_load,nut.load,Utilization,Power Supply,UPS,average -10m unaligned of load,%,1m,$this > (($status == $CRITICAL) ? (85),down 10m multiplier 1.5 max 1h,average UPS load over the last 10 minutes,sitemgr,$this > (($status >= $WARNING)  ? (70),*,*,,,,,,,,,,
../../health/health.d\nut.conf,nut_ups_charge,nut.charge,Errors,Power Supply,UPS,average -60s unaligned of battery_charge,%,60s,$this < (($status == $CRITICAL) ? (60),down 10m multiplier 1.5 max 1h,average UPS charge over the last minute,sitemgr,$this < 100,*,*,,,,,,,,,,
../../health/health.d\nut.conf,nut_last_collected_secs,nut.load,Latency,Power Supply,UPS device,,seconds ago,10s,$this > (($status == $CRITICAL) ? ($update_every),down 5m multiplier 1.5 max 1h,number of seconds since the last successful data collection,sitemgr,$this > (($status >= $WARNING)  ? ($update_every),,,$now - $last_collected_t,,,,,,,,,
../../health/health.d\nvme.conf,nvme_device_critical_warnings_state,nvme.device_critical_warnings_state,Errors,System,Disk,max -30s unaligned,state,10s,$this != nan AND $this != 0,down 5m multiplier 1.5 max 2h,NVMe device ${label,sysadmin,,,,,*,,,,,,,,
../../health/health.d\pihole.conf,,,,,,,,,,,,,,,,,,,,,,,,,
../../health/health.d\pihole.conf,pihole_blocklist_last_update,pihole.blocklist_last_update,Errors,Ad Filtering,Pi-hole,,seconds,10s,$this > 60 * 60 * 24 * 8 * 2,,gravity.list (blocklist) file last update time,sysadmin,$this > 60 * 60 * 24 * 8,,,$ago,,,,,,,,,
../../health/health.d\pihole.conf,pihole_status,pihole.unwanted_domains_blocking_status,Errors,Ad Filtering,Pi-hole,,status,10s,,up 2m down 5m,unwanted domains blocking is disabled,sysadmin,$this != nan AND $this == 1,,,$disabled,,,,,,,,,
../../health/health.d\ping.conf,ping_host_reachable,ping.host_packet_loss,Errors,Other,Network,average -30s unaligned of loss,up/down,10s,$this == 0,down 30m multiplier 1.5 max 2h,network host ${label,sysadmin,,,,$this != nan AND $this < 100,*,,,,,,,,
../../health/health.d\ping.conf,ping_packet_loss,ping.host_packet_loss,Errors,Other,Network,average -10m unaligned of loss,%,10s,$this > $red,down 30m multiplier 1.5 max 2h,packet loss percentage to the network host ${label,sysadmin,$this > $green,,,,*,,,,5,10,,,
../../health/health.d\ping.conf,ping_host_latency,ping.host_rtt,Latency,Other,Network,average -10s unaligned of avg,ms,10s,$this > $red,down 30m multiplier 1.5 max 2h,average latency to the network host ${label,sysadmin,$this > $green OR $max > $red,,,,*,,,,500,1000,,,
../../health/health.d\portcheck.conf,portcheck_service_reachable,portcheck.status,Workload,Other,TCP endpoint,average -1m unaligned percentage of success,up/down,5s,,,TCP host ${label,silent,,,,($this < 75) ? (0),*,,,,,,,,
../../health/health.d\portcheck.conf,portcheck_connection_timeouts,portcheck.status,Errors,Other,TCP endpoint,average -5m unaligned percentage of timeout,%,10s,$this >= 40,down 5m multiplier 1.5 max 1h,percentage of timed-out TCP connections to host ${label,sysadmin,$this >= 10 AND $this < 40,,,,*,,,,,,,,
../../health/health.d\portcheck.conf,portcheck_connection_fails,portcheck.status,Errors,Other,TCP endpoint,"average -5m unaligned percentage of no_connection,failed",%,10s,$this >= 40,down 5m multiplier 1.5 max 1h,percentage of failed TCP connections to host ${label,sysadmin,$this >= 10 AND $this < 40,,,,*,,,,,,,,
../../health/health.d\postgres.conf,postgres_total_connection_utilization,postgres.connections_utilization,Utilization,Database,PostgreSQL,average -1m unaligned of used,%,1m,$this > (($status == $CRITICAL) ? (80),down 15m multiplier 1.5 max 1h,average total connection utilization over the last minute,dba,$this > (($status >= $WARNING)  ? (70),,*,,,,,,,,,,
../../health/health.d\postgres.conf,postgres_acquired_locks_utilization,postgres.locks_utilization,Utilization,Database,PostgreSQL,average -1m unaligned of used,%,1m,,down 15m multiplier 1.5 max 1h,average acquired locks utilization over the last minute,dba,$this > (($status >= $WARNING)  ? (15),,*,,,,,,,,,,
../../health/health.d\postgres.conf,postgres_txid_exhaustion_perc,postgres.txid_exhaustion_perc,Utilization,Database,PostgreSQL,,%,1m,,down 15m multiplier 1.5 max 1h,percent towards TXID wraparound,dba,$this > 90,,*,$txid_exhaustion,,,,,,,,,
../../health/health.d\postgres.conf,postgres_db_cache_io_ratio,postgres.db_cache_io_ratio,Workload,Database,PostgreSQL,average -1m unaligned of miss,%,1m,$this < (($status == $CRITICAL) ? (60),down 15m multiplier 1.5 max 1h,average cache hit ratio in db ${label,dba,$this < (($status >= $WARNING)  ? (70),,*,100 - $this,,,,,,,,,
../../health/health.d\postgres.conf,postgres_db_transactions_rollback_ratio,postgres.db_transactions_ratio,Workload,Database,PostgreSQL,average -5m unaligned of rollback,%,1m,,down 15m multiplier 1.5 max 1h,average aborted transactions percentage in db ${label,dba,$this > (($status >= $WARNING)  ? (0),,*,,,,,,,,,,
../../health/health.d\postgres.conf,postgres_db_deadlocks_rate,postgres.db_deadlocks_rate,Errors,Database,PostgreSQL,sum -1m unaligned of deadlocks,deadlocks,1m,,down 15m multiplier 1.5 max 1h,number of deadlocks detected in db ${label,dba,$this > (($status >= $WARNING)  ? (0),,*,,,,,,,,,,
../../health/health.d\postgres.conf,postgres_table_cache_io_ratio,postgres.table_cache_io_ratio,Workload,Database,PostgreSQL,average -1m unaligned of miss,%,1m,$this < (($status == $CRITICAL) ? (60),down 15m multiplier 1.5 max 1h,average cache hit ratio in db ${label,dba,$this < (($status >= $WARNING)  ? (70),,*,100 - $this,,,,,,,,,
../../health/health.d\postgres.conf,postgres_table_index_cache_io_ratio,postgres.table_index_cache_io_ratio,Workload,Database,PostgreSQL,average -1m unaligned of miss,%,1m,$this < (($status == $CRITICAL) ? (60),down 15m multiplier 1.5 max 1h,average index cache hit ratio in db ${label,dba,$this < (($status >= $WARNING)  ? (70),,*,100 - $this,,,,,,,,,
../../health/health.d\postgres.conf,postgres_table_toast_cache_io_ratio,postgres.table_toast_cache_io_ratio,Workload,Database,PostgreSQL,average -1m unaligned of miss,%,1m,$this < (($status == $CRITICAL) ? (60),down 15m multiplier 1.5 max 1h,average TOAST hit ratio in db ${label,dba,$this < (($status >= $WARNING)  ? (70),,*,100 - $this,,,,,,,,,
../../health/health.d\postgres.conf,postgres_table_toast_index_cache_io_ratio,postgres.table_toast_index_cache_io_ratio,Workload,Database,PostgreSQL,average -1m unaligned of miss,%,1m,$this < (($status == $CRITICAL) ? (60),down 15m multiplier 1.5 max 1h,average index TOAST hit ratio in db ${label,dba,$this < (($status >= $WARNING)  ? (70),,*,100 - $this,,,,,,,,,
../../health/health.d\postgres.conf,postgres_table_bloat_size_perc,postgres.table_bloat_size_perc,Errors,Database,PostgreSQL,,%,1m,$this > (($status == $CRITICAL) ? (70),down 15m multiplier 1.5 max 1h,bloat size percentage in db ${label,dba,$this > (($status >= $WARNING)  ? (60),,*,($table_size > (1024 * 1024 * 100)) ? ($bloat),,,,,,,,,
../../health/health.d\postgres.conf,postgres_table_last_autovacuum_time,postgres.table_autovacuum_since_time,Errors,Database,PostgreSQL,,seconds,1m,,,time elapsed since db ${label,dba,$this != nan AND $this > (60 * 60 * 24 * 7),,!*,$time,,,,,,,,,
../../health/health.d\postgres.conf,postgres_table_last_autoanalyze_time,postgres.table_autoanalyze_since_time,Errors,Database,PostgreSQL,,seconds,1m,,,time elapsed since db ${label,dba,$this != nan AND $this > (60 * 60 * 24 * 7),,!*,$time,,,,,,,,,
../../health/health.d\postgres.conf,postgres_index_bloat_size_perc,postgres.index_bloat_size_perc,Errors,Database,PostgreSQL,,%,1m,$this > (($status == $CRITICAL) ? (70),down 15m multiplier 1.5 max 1h,bloat size percentage in db ${label,dba,$this > (($status >= $WARNING)  ? (60),,*,($index_size > (1024 * 1024 * 10)) ? ($bloat),,,,,,,,,
../../health/health.d\processes.conf,,system.active_processes,Workload,System,Processes,,%,5s,$this > (($status == $CRITICAL) ? (90),down 5m multiplier 1.5 max 1h,system process IDs (PID) space utilization,sysadmin,$this > (($status >= $WARNING)  ? (85),,*,$active * 100 / $pidmax,,,active_processes,,,,,,
../../health/health.d\python.d.plugin.conf,python.d_job_last_collected_secs,netdata.pythond_runtime,Errors,Netdata,python.d.plugin,,seconds ago,10s,$this > (($status == $CRITICAL) ? ($update_every),down 5m multiplier 1.5 max 1h,number of seconds since the last successful data collection,webmaster,$this > (($status >= $WARNING)  ? ($update_every),,,$now - $last_collected_t,,,,!* *,,,,,
../../health/health.d\qos.conf,,,,,,,,,,,,,,,,,,,,,,,,,
../../health/health.d\qos.conf,,,,,,,,,,,,,,,,,,,,,,,,,
../../health/health.d\ram.conf,,system.ram,Utilization,System,Memory,,%,10s,$this > (($status == $CRITICAL) ? (90),down 15m multiplier 1.5 max 1h,system memory utilization,sysadmin,$this > (($status >= $WARNING)  ? (80),linux,*,$used * 100 / ($used + $cached + $free + $buffers),,,ram_in_use,,,,,,
../../health/health.d\ram.conf,,mem.available,Utilization,System,Memory,,%,10s,$this < (($status == $CRITICAL) ? (10),down 15m multiplier 1.5 max 1h,"percentage of estimated amount of RAM available for userspace processes, without causing swapping",sysadmin,$this < (($status >= $WARNING)  ? (15),linux,*,$avail * 100 / ($system.ram.used + $system.ram.cached + $system.ram.free + $system.ram.buffers),,,ram_available,,,,,,
../../health/health.d\ram.conf,,mem.oom_kill,,,,sum -30m unaligned,kills,5m,,down 10m,number of out of memory kills in the last 30 minutes,sysadmin,$this > 0,linux,*,,,,oom_kill,,,,_is_k8s_node = false,,
../../health/health.d\ram.conf,,system.ram,Utilization,System,Memory,,%,10s,$this > (($status == $CRITICAL) ? (90),down 15m multiplier 1.5 max 1h,system memory utilization,sysadmin,$this > (($status >= $WARNING)  ? (80),freebsd,*,($active + $wired + $laundry + $buffers) * 100 / ($active + $wired + $laundry + $buffers + $cache + $free + $inactive),,,ram_in_use,,,,,,
../../health/health.d\ram.conf,,mem.available,Utilization,System,Memory,,%,10s,$this < (($status == $CRITICAL) ? (10),down 15m multiplier 1.5 max 1h,"percentage of estimated amount of RAM available for userspace processes, without causing swapping",sysadmin,$this < (($status >= $WARNING)  ? (15),freebsd,*,$avail * 100 / ($system.ram.free + $system.ram.active + $system.ram.inactive + $system.ram.wired + $system.ram.cache + $system.ram.laundry + $system.ram.buffers),,,ram_available,,,,,,
../../health/health.d\redis.conf,redis_connections_rejected,redis.connections,Errors,KV Storage,Redis,sum -1m unaligned of rejected,connections,10s,,down 5m multiplier 1.5 max 1h,connections rejected because of maxclients limit in the last minute,dba,$this > 0,,,,*,,,,,,,,
../../health/health.d\redis.conf,redis_bgsave_broken,redis.bgsave_health,Errors,KV Storage,Redis,,ok/failed,10s,$last_bgsave != nan AND $last_bgsave != 0,down 5m multiplier 1.5 max 1h,status of the last RDB save operation (0,dba,,,,,*,,,,,,,,
../../health/health.d\redis.conf,redis_bgsave_slow,redis.bgsave_now,Latency,KV Storage,Redis,,seconds,10s,$this > 1200,down 5m multiplier 1.5 max 1h,duration of the on-going RDB save operation,dba,$this > 600,,,$current_bgsave_time,*,,,,,,,,
../../health/health.d\redis.conf,redis_master_link_down,redis.master_link_down_since_time,Errors,KV Storage,Redis,,seconds,10s,$this != nan AND $this > 0,down 5m multiplier 1.5 max 1h,time elapsed since the link between master and slave is down,dba,,,,$time,*,,,,,,,,
../../health/health.d\retroshare.conf,retroshare_dht_working,retroshare.dht,Utilization,Data Sharing,Retroshare,,peers,1m,$this < (($status == $CRITICAL) ? (10),up 0 down 15m multiplier 1.5 max 1h,number of DHT peers,sysadmin,$this < (($status >= $WARNING)  ? (120),,,$dht_size_all,,,,,,,,,
../../health/health.d\riakkv.conf,riakkv_list_keys_active,riak.core.fsm_active,Utilization,Database,Riak KV,,state machines,10s,,,number of currently running list keys finite state machines,dba,$list_fsm_active > 0,,,$list_fsm_active,,,,,,,,,
../../health/health.d\riakkv.conf,riakkv_1h_kv_get_mean_latency,riak.kv.latency.get,Latency,Database,Riak KV,average -1h unaligned of time,ms,30s,,,average time between reception of client GET request and \,,,,,$node_get_fsm_time_mean,,,,,,,,,
../../health/health.d\riakkv.conf,riakkv_kv_get_slow,riak.kv.latency.get,Latency,Database,Riak KV,average -3m unaligned of time,ms,10s,($this > ($riakkv_1h_kv_get_mean_latency * 3) ),down 5m multiplier 1.5 max 1h,average time between reception of client GET request and \,dba,($this > ($riakkv_1h_kv_get_mean_latency * 2) ),,,$mean,,,,,,,,,
../../health/health.d\riakkv.conf,riakkv_1h_kv_put_mean_latency,riak.kv.latency.put,Latency,Database,Riak KV,average -1h unaligned of time,ms,30s,,,average time between reception of client PUT request and \,,,,,$node_put_fsm_time_mean,,,,,,,,,
../../health/health.d\riakkv.conf,riakkv_kv_put_slow,riak.kv.latency.put,Latency,Database,Riak KV,average -3m unaligned of time,ms,10s,($this > ($riakkv_1h_kv_put_mean_latency * 3) ),down 5m multiplier 1.5 max 1h,average time between reception of client PUT request and \,dba,($this > ($riakkv_1h_kv_put_mean_latency * 2) ),,,$mean,,,,,,,,,
../../health/health.d\riakkv.conf,riakkv_vm_high_process_count,riak.vm,Utilization,Database,Riak KV,,processes,10s,$this > 100000,,number of processes running in the Erlang VM,dba,$this > 10000,,,$sys_process_count,,,,,,,,,
../../health/health.d\scaleio.conf,scaleio_storage_pool_capacity_utilization,scaleio.storage_pool_capacity_utilization,Utilization,Storage,ScaleIO,,%,10s,$this > (($status == $CRITICAL) ? (90),down 15m multiplier 1.5 max 1h,storage pool capacity utilization,sysadmin,$this > (($status >= $WARNING)  ? (80),,,$used,,,,,,,,,
../../health/health.d\scaleio.conf,scaleio_sdc_mdm_connection_state,scaleio.sdc_mdm_connection_state,Utilization,Storage,ScaleIO,,,10s,,up 30s down 5m multiplier 1.5 max 1h,Data Client (SDC) to Metadata Manager (MDM) connection state (0,sysadmin,$this != 1,,,$connected,,,,,,,,,
../../health/health.d\softnet.conf,,system.softnet_stat,Errors,System,Network,average -1m unaligned absolute of dropped,packets,10s,,down 1h multiplier 1.5 max 2h,average number of dropped packets in the last minute \,sysadmin,$this > (($status >= $WARNING) ? (0),linux,*,,,,1min_netdev_backlog_exceeded,,,,,,
../../health/health.d\softnet.conf,,system.softnet_stat,Errors,System,Network,average -1m unaligned absolute of squeezed,events,10s,,down 1h multiplier 1.5 max 2h,average number of times ksoftirq ran out of sysctl net.core.netdev_budget or \,silent,$this > (($status >= $WARNING) ? (0),linux,*,,,,1min_netdev_budget_ran_outs,,,,,,
../../health/health.d\softnet.conf,,system.softnet_stat,Errors,System,Network,average -1m unaligned absolute of qdrops,packets,10s,,down 1h multiplier 1.5 max 2h,average number of drops in the last minute \,sysadmin,$this > (($status >= $WARNING) ? (0),freebsd,*,,,,10min_netisr_backlog_exceeded,,,,,,
../../health/health.d\swap.conf,,system.swapio,Workload,System,Memory,sum -30m unaligned absolute of out,% of RAM,1m,,down 15m multiplier 1.5 max 1h,percentage of the system RAM swapped in the last 30 minutes,sysadmin,$this > (($status >= $WARNING)  ? (20),linux freebsd,*,$this / 1024 * 100 / ( $system.ram.used + $system.ram.cached + $system.ram.free ),,,30min_ram_swapped_out,,,,,,
../../health/health.d\swap.conf,,system.swap,Utilization,System,Memory,,%,10s,$this > (($status == $CRITICAL) ? (90),up 30s down 15m multiplier 1.5 max 1h,swap memory utilization,sysadmin,$this > (($status >= $WARNING)  ? (80),linux freebsd,*,(($used + $free) > 0) ? ($used * 100 / ($used + $free)),,,used_swap,,,,,,
../../health/health.d\synchronization.conf,,mem.sync,,,,sum -1m of sync,calls,1m,,up 1m down 10m multiplier 1.5 max 1h,number of sync() system calls. \,sysadmin,$this > 6,,,,,,sync_freq,,,,,ebpf.plugin,
../../health/health.d\systemdunits.conf,systemd_service_unit_failed_state,systemd.service_unit_state,Errors,Linux,Systemd units,,state,10s,,down 5m multiplier 1.5 max 1h,systemd service unit in the failed state,sysadmin,$this != nan AND $this == 1,,,$failed,,,,,,,,,
../../health/health.d\systemdunits.conf,systemd_socket_unit_failed_state,systemd.socket_unit_state,Errors,Linux,Systemd units,,state,10s,,down 5m multiplier 1.5 max 1h,systemd socket unit in the failed state,sysadmin,$this != nan AND $this == 1,,,$failed,,,,,,,,,
../../health/health.d\systemdunits.conf,systemd_target_unit_failed_state,systemd.target_unit_state,Errors,Linux,Systemd units,,state,10s,,down 5m multiplier 1.5 max 1h,systemd target unit in the failed state,sysadmin,$this != nan AND $this == 1,,,$failed,,,,,,,,,
../../health/health.d\systemdunits.conf,systemd_path_unit_failed_state,systemd.path_unit_state,Errors,Linux,Systemd units,,state,10s,,down 5m multiplier 1.5 max 1h,systemd path unit in the failed state,sysadmin,$this != nan AND $this == 1,,,$failed,,,,,,,,,
../../health/health.d\systemdunits.conf,systemd_device_unit_failed_state,systemd.device_unit_state,Errors,Linux,Systemd units,,state,10s,,down 5m multiplier 1.5 max 1h,systemd device unit in the failed state,sysadmin,$this != nan AND $this == 1,,,$failed,,,,,,,,,
../../health/health.d\systemdunits.conf,systemd_mount_unit_failed_state,systemd.mount_unit_state,Errors,Linux,Systemd units,,state,10s,,down 5m multiplier 1.5 max 1h,systemd mount units in the failed state,sysadmin,$this != nan AND $this == 1,,,$failed,,,,,,,,,
../../health/health.d\systemdunits.conf,systemd_automount_unit_failed_state,systemd.automount_unit_state,Errors,Linux,Systemd units,,state,10s,,down 5m multiplier 1.5 max 1h,systemd automount unit in the failed state,sysadmin,$this != nan AND $this == 1,,,$failed,,,,,,,,,
../../health/health.d\systemdunits.conf,systemd_swap_unit_failed_state,systemd.swap_unit_state,Errors,Linux,Systemd units,,state,10s,,down 5m multiplier 1.5 max 1h,systemd swap units in the failed state,sysadmin,$this != nan AND $this == 1,,,$failed,,,,,,,,,
../../health/health.d\systemdunits.conf,systemd_scope_unit_failed_state,systemd.scope_unit_state,Errors,Linux,Systemd units,,state,10s,,down 5m multiplier 1.5 max 1h,systemd scope units in the failed state,sysadmin,$this != nan AND $this == 1,,,$failed,,,,,,,,,
../../health/health.d\systemdunits.conf,systemd_slice_unit_failed_state,systemd.slice_unit_state,Errors,Linux,Systemd units,,state,10s,,down 5m multiplier 1.5 max 1h,systemd slice units in the failed state,sysadmin,$this != nan AND $this == 1,,,$failed,,,,,,,,,
../../health/health.d\tcp_conn.conf,,,,,,,,,,,,,,,,,,,,,,,,,
../../health/health.d\tcp_conn.conf,,ipv4.tcpsock,Workload,System,Network,,%,10s,$this > (($status == $CRITICAL) ? ( 80 ),up 0 down 5m multiplier 1.5 max 1h,IPv4 TCP connections utilization,sysadmin,$this > (($status >= $WARNING ) ? ( 60 ),linux,*,(${tcp_max_connections} > 0) ? ( ${connections} * 100 / ${tcp_max_connections} ),,,tcp_connections,,,,,,
../../health/health.d\tcp_listen.conf,,,,,,,,,,,,,,,,,,,,,,,,,
../../health/health.d\tcp_listen.conf,,ip.tcp_accept_queue,Workload,System,Network,average -60s unaligned absolute of ListenOverflows,overflows,10s,$this > (($status == $CRITICAL) ? (1),up 0 down 5m multiplier 1.5 max 1h,average number of overflows in the TCP accept queue over the last minute,sysadmin,$this > 1,linux,*,,,,1m_tcp_accept_queue_overflows,,,,,,
../../health/health.d\tcp_listen.conf,,ip.tcp_accept_queue,Workload,System,Network,average -60s unaligned absolute of ListenDrops,drops,10s,$this > (($status == $CRITICAL) ? (1),up 0 down 5m multiplier 1.5 max 1h,average number of dropped packets in the TCP accept queue over the last minute,sysadmin,$this > 1,linux,*,,,,1m_tcp_accept_queue_drops,,,,,,
../../health/health.d\tcp_listen.conf,,,,,,,,,,,,,,,,,,,,,,,,,
../../health/health.d\tcp_listen.conf,,,,,,,,,,,,,,,,,,,,,,,,,
../../health/health.d\tcp_listen.conf,,ip.tcp_syn_queue,Workload,System,Network,average -60s unaligned absolute of TCPReqQFullDrop,drops,10s,$this > (($status == $CRITICAL) ? (0),up 10 down 5m multiplier 1.5 max 1h,average number of SYN requests was dropped due to the full TCP SYN queue over the last minute \,sysadmin,$this > 1,linux,*,,,,1m_tcp_syn_queue_drops,,,,,,
../../health/health.d\tcp_listen.conf,,ip.tcp_syn_queue,Workload,System,Network,average -60s unaligned absolute of TCPReqQFullDoCookies,cookies,10s,$this > (($status == $CRITICAL) ? (0),up 10 down 5m multiplier 1.5 max 1h,average number of sent SYN cookies due to the full TCP SYN queue over the last minute,sysadmin,$this > 1,linux,*,,,,1m_tcp_syn_queue_cookies,,,,,,
../../health/health.d\tcp_mem.conf,,,,,,,,,,,,,,,,,,,,,,,,,
../../health/health.d\tcp_mem.conf,,ipv4.sockstat_tcp_mem,Utilization,System,Network,,%,10s,${mem} > (($status == $CRITICAL ) ? ( ${tcp_mem_pressure}       ),up 0 down 5m multiplier 1.5 max 1h,TCP memory utilization,sysadmin,${mem} > (($status >= $WARNING  ) ? ( ${tcp_mem_pressure} * 0.8 ),linux,*,${mem} * 100 / ${tcp_mem_high},,,tcp_memory,,,,,,
../../health/health.d\tcp_orphans.conf,,,,,,,,,,,,,,,,,,,,,,,,,
../../health/health.d\tcp_orphans.conf,,ipv4.sockstat_tcp_sockets,Errors,System,Network,,%,10s,$this > (($status == $CRITICAL) ? ( 25 ),up 0 down 5m multiplier 1.5 max 1h,orphan IPv4 TCP sockets utilization,sysadmin,$this > (($status >= $WARNING ) ? ( 20 ),linux,*,${orphan} * 100 / ${tcp_max_orphans},,,tcp_orphans,,,,,,
../../health/health.d\tcp_resets.conf,,ipv4.tcphandshake,Errors,System,Network,average -1m at -10s unaligned absolute of OutRsts,tcp resets/s,10s,,,average number of sent TCP RESETS over the last minute,,,linux,*,,,,1m_ipv4_tcp_resets_sent,,,,,,
../../health/health.d\tcp_resets.conf,,ipv4.tcphandshake,Errors,System,Network,average -10s unaligned absolute of OutRsts,tcp resets/s,10s,,up 20s down 60m multiplier 1.2 max 2h,average number of sent TCP RESETS over the last 10 seconds. \,sysadmin,$netdata.uptime.uptime > (1 * 60) AND $this > ((($1m_ipv4_tcp_resets_sent < 5)?(5),linux,*,,,no-clear-notification,10s_ipv4_tcp_resets_sent,,,,,,
../../health/health.d\tcp_resets.conf,,ipv4.tcphandshake,Errors,System,Network,average -1m at -10s unaligned absolute of AttemptFails,tcp resets/s,10s,,,average number of received TCP RESETS over the last minute,,,linux freebsd,*,,,,1m_ipv4_tcp_resets_received,,,,,,
../../health/health.d\tcp_resets.conf,,ipv4.tcphandshake,Errors,System,Network,average -10s unaligned absolute of AttemptFails,tcp resets/s,10s,,up 20s down 60m multiplier 1.2 max 2h,average number of received TCP RESETS over the last 10 seconds. \,sysadmin,$netdata.uptime.uptime > (1 * 60) AND $this > ((($1m_ipv4_tcp_resets_received < 5)?(5),linux freebsd,*,,,no-clear-notification,10s_ipv4_tcp_resets_received,,,,,,
../../health/health.d\timex.conf,,,,,,,,,,,,,,,,,,,,,,,,,
../../health/health.d\timex.conf,,system.clock_sync_state,Errors,System,Clock,,synchronization state,10s,,down 5m,"when set to 0, the system kernel believes the system clock is not properly synchronized to a reliable server",silent,$system.uptime.uptime > 17 * 60 AND $this == 0,linux,,$state,,,system_clock_sync_state,,,,,,
../../health/health.d\udp_errors.conf,,ipv4.udperrors,Errors,System,Network,average -1m unaligned absolute of RcvbufErrors,errors,10s,,up 1m down 60m multiplier 1.2 max 2h,average number of UDP receive buffer errors over the last minute,sysadmin,$this > (($status >= $WARNING) ? (0),linux freebsd,*,,,,1m_ipv4_udp_receive_buffer_errors,,,,,,
../../health/health.d\udp_errors.conf,,ipv4.udperrors,Errors,System,Network,average -1m unaligned absolute of SndbufErrors,errors,10s,,up 1m down 60m multiplier 1.2 max 2h,average number of UDP send buffer errors over the last minute,sysadmin,$this > (($status >= $WARNING) ? (0),linux,*,,,,1m_ipv4_udp_send_buffer_errors,,,,,,
../../health/health.d\unbound.conf,unbound_request_list_overwritten,unbound.request_list_jostle_list,Errors,DNS,Unbound,average -60s unaligned absolute match-names of overwritten,queries,10s,,up 10 down 5m multiplier 1.5 max 1h,number of overwritten queries in the request-list,sysadmin,$this > 5,,,,,,,,,,,,
../../health/health.d\unbound.conf,unbound_request_list_dropped,unbound.request_list_jostle_list,Errors,DNS,Unbound,average -60s unaligned absolute match-names of dropped,queries,10s,,up 10 down 5m multiplier 1.5 max 1h,number of dropped queries in the request-list,sysadmin,$this > 0,,,,,,,,,,,,
../../health/health.d\vcsa.conf,,,,,,,,,,,,,,,,,,,,,,,,,
../../health/health.d\vcsa.conf,vcsa_system_health,vcsa.system_health,Errors,Virtual Machine,VMware vCenter,max -10s unaligned of system,status,10s,$this == 3,down 1m multiplier 1.5 max 1h,overall system health status \,sysadmin,($this == 1) || ($this == 2),,,,,,,,,,,,"unknown, 0"
../../health/health.d\vcsa.conf,,,,,,,,,,,,,,,,,,,,,,,,,
../../health/health.d\vcsa.conf,vcsa_swap_health,vcsa.components_health,Errors,Virtual Machine,VMware vCenter,max -10s unaligned of swap,status,10s,($this == 2) || ($this == 3),down 1m multiplier 1.5 max 1h,swap health status \,sysadmin,$this == 1,,,,,,,,,,,,"unknown, 0"
../../health/health.d\vcsa.conf,vcsa_storage_health,vcsa.components_health,Errors,Virtual Machine,VMware vCenter,max -10s unaligned of storage,status,10s,($this == 2) || ($this == 3),down 1m multiplier 1.5 max 1h,storage health status \,sysadmin,$this == 1,,,,,,,,,,,,"unknown, 0"
../../health/health.d\vcsa.conf,vcsa_mem_health,vcsa.components_health,Errors,Virtual Machine,VMware vCenter,max -10s unaligned of mem,status,10s,($this == 2) || ($this == 3),down 1m multiplier 1.5 max 1h,memory health status \,sysadmin,$this == 1,,,,,,,,,,,,"unknown, 0"
../../health/health.d\vcsa.conf,vcsa_load_health,vcsa.components_health,Utilization,Virtual Machine,VMware vCenter,max -10s unaligned of load,status,10s,($this == 2) || ($this == 3),down 1m multiplier 1.5 max 1h,load health status \,sysadmin,$this == 1,,,,,,,,,,,,"unknown, 0"
../../health/health.d\vcsa.conf,vcsa_database_storage_health,vcsa.components_health,Errors,Virtual Machine,VMware vCenter,max -10s unaligned of database_storage,status,10s,($this == 2) || ($this == 3),down 1m multiplier 1.5 max 1h,database storage health status \,sysadmin,$this == 1,,,,,,,,,,,,"unknown, 0"
../../health/health.d\vcsa.conf,vcsa_applmgmt_health,vcsa.components_health,Errors,Virtual Machine,VMware vCenter,max -10s unaligned of applmgmt,status,10s,($this == 2) || ($this == 3),down 1m multiplier 1.5 max 1h,applmgmt health status \,sysadmin,$this == 1,,,,,,,,,,,,"unknown, 0"
../../health/health.d\vcsa.conf,,,,,,,,,,,,,,,,,,,,,,,,,
../../health/health.d\vcsa.conf,vcsa_software_updates_health,vcsa.software_updates_health,Errors,Virtual Machine,VMware vCenter,max -10s unaligned of software_packages,status,10s,$this == 3,down 1m multiplier 1.5 max 1h,software updates availability status \,sysadmin,$this == 4,,,,,,,,,,,,"unknown, 0"
../../health/health.d\vernemq.conf,vernemq_socket_errors,vernemq.socket_errors,Errors,Messaging,VerneMQ,sum -1m unaligned absolute of socket_error,errors,1m,,up 2m down 5m multiplier 1.5 max 2h,number of socket errors in the last minute,sysadmin,$this > (($status >= $WARNING) ? (0),,,,,,,,,,,,
../../health/health.d\vernemq.conf,vernemq_queue_message_drop,vernemq.queue_undelivered_messages,Errors,Messaging,VerneMQ,average -1m unaligned absolute of queue_message_drop,dropped messages,1m,,up 2m down 5m multiplier 1.5 max 2h,number of dropped messaged due to full queues in the last minute,sysadmin,$this > (($status >= $WARNING) ? (0),,,,,,,,,,,,
../../health/health.d\vernemq.conf,vernemq_queue_message_expired,vernemq.queue_undelivered_messages,Latency,Messaging,VerneMQ,average -1m unaligned absolute of queue_message_expired,expired messages,1m,,up 2m down 5m multiplier 1.5 max 2h,number of messages which expired before delivery in the last minute,sysadmin,$this > (($status >= $WARNING) ? (0),,,,,,,,,,,,
../../health/health.d\vernemq.conf,vernemq_queue_message_unhandled,vernemq.queue_undelivered_messages,Latency,Messaging,VerneMQ,average -1m unaligned absolute of queue_message_unhandled,unhandled messages,1m,,up 2m down 5m multiplier 1.5 max 2h,number of unhandled messages (connections with clean session=true) in the last minute,sysadmin,$this > (($status >= $WARNING) ? (0),,,,,,,,,,,,
../../health/health.d\vernemq.conf,vernemq_average_scheduler_utilization,vernemq.average_scheduler_utilization,Utilization,Messaging,VerneMQ,average -10m unaligned,%,1m,$this > (($status == $CRITICAL) ? (85),down 15m multiplier 1.5 max 1h,average scheduler utilization over the last 10 minutes,sysadmin,$this > (($status >= $WARNING)  ? (75),,,,,,,,,,,,
../../health/health.d\vernemq.conf,vernemq_cluster_dropped,vernemq.cluster_dropped,Errors,Messaging,VerneMQ,sum -1m unaligned,KiB,1m,,up 5m down 5m multiplier 1.5 max 1h,amount of traffic dropped during communication with the cluster nodes in the last minute,sysadmin,$this > 0,,,,,,,,,,,,
../../health/health.d\vernemq.conf,vernemq_netsplits,vernemq.netsplits,Workload,Messaging,VerneMQ,sum -1m unaligned absolute of netsplit_detected,netsplits,10s,,down 5m multiplier 1.5 max 2h,number of detected netsplits (split brain situation) in the last minute,sysadmin,$this > 0,,,,,,,,,,,,
../../health/health.d\vernemq.conf,vernemq_mqtt_connack_sent_reason_unsuccessful,vernemq.mqtt_connack_sent_reason,Errors,Messaging,VerneMQ,"average -1m unaligned absolute match-names of !success,*",packets,1m,,up 2m down 5m multiplier 1.5 max 2h,number of sent unsuccessful v3/v5 CONNACK packets in the last minute,sysadmin,$this > (($status >= $WARNING) ? (0),,,,,,,,,,,,
../../health/health.d\vernemq.conf,vernemq_mqtt_disconnect_received_reason_not_normal,vernemq.mqtt_disconnect_received_reason,Workload,Messaging,VerneMQ,"average -1m unaligned absolute match-names of !normal_disconnect,*",packets,1m,,up 2m down 5m multiplier 1.5 max 2h,number of received not normal v5 DISCONNECT packets in the last minute,sysadmin,$this > (($status >= $WARNING) ? (0),,,,,,,,,,,,
../../health/health.d\vernemq.conf,vernemq_mqtt_disconnect_sent_reason_not_normal,vernemq.mqtt_disconnect_sent_reason,Errors,Messaging,VerneMQ,"average -1m unaligned absolute match-names of !normal_disconnect,*",packets,1m,,up 2m down 5m multiplier 1.5 max 2h,number of sent not normal v5 DISCONNECT packets in the last minute,sysadmin,$this > (($status >= $WARNING) ? (0),,,,,,,,,,,,
../../health/health.d\vernemq.conf,vernemq_mqtt_subscribe_error,vernemq.mqtt_subscribe_error,Errors,Messaging,VerneMQ,average -1m unaligned absolute,failed ops,1m,,up 2m down 5m multiplier 1.5 max 2h,number of failed v3/v5 SUBSCRIBE operations in the last minute,sysadmin,$this > (($status >= $WARNING) ? (0),,,,,,,,,,,,
../../health/health.d\vernemq.conf,vernemq_mqtt_subscribe_auth_error,vernemq.mqtt_subscribe_auth_error,Workload,Messaging,VerneMQ,average -1m unaligned absolute,attempts,1m,,up 2m down 5m multiplier 1.5 max 2h,number of unauthorized v3/v5 SUBSCRIBE attempts in the last minute,sysadmin,$this > (($status >= $WARNING) ? (0),,,,,,,,,,,,
../../health/health.d\vernemq.conf,vernemq_mqtt_unsubscribe_error,vernemq.mqtt_unsubscribe_error,Errors,Messaging,VerneMQ,average -1m unaligned absolute,failed ops,1m,,up 2m down 5m multiplier 1.5 max 2h,number of failed v3/v5 UNSUBSCRIBE operations in the last minute,sysadmin,$this > (($status >= $WARNING) ? (0),,,,,,,,,,,,
../../health/health.d\vernemq.conf,vernemq_mqtt_publish_errors,vernemq.mqtt_publish_errors,Errors,Messaging,VerneMQ,average -1m unaligned absolute,failed ops,1m,,up 2m down 5m multiplier 1.5 max 2h,number of failed v3/v5 PUBLISH operations in the last minute,sysadmin,$this > (($status >= $WARNING) ? (0),,,,,,,,,,,,
../../health/health.d\vernemq.conf,vernemq_mqtt_publish_auth_errors,vernemq.mqtt_publish_auth_errors,Workload,Messaging,VerneMQ,average -1m unaligned absolute,attempts,1m,,up 2m down 5m multiplier 1.5 max 2h,number of unauthorized v3/v5 PUBLISH attempts in the last minute,sysadmin,$this > (($status >= $WARNING) ? (0),,,,,,,,,,,,
../../health/health.d\vernemq.conf,vernemq_mqtt_puback_received_reason_unsuccessful,vernemq.mqtt_puback_received_reason,Errors,Messaging,VerneMQ,"average -1m unaligned absolute match-names of !success,*",packets,1m,,up 2m down 5m multiplier 1.5 max 2h,number of received unsuccessful v5 PUBACK packets in the last minute,sysadmin,$this > (($status >= $WARNING) ? (0),,,,,,,,,,,,
../../health/health.d\vernemq.conf,vernemq_mqtt_puback_sent_reason_unsuccessful,vernemq.mqtt_puback_sent_reason,Errors,Messaging,VerneMQ,"average -1m unaligned absolute match-names of !success,*",packets,1m,,up 2m down 5m multiplier 1.5 max 2h,number of sent unsuccessful v5 PUBACK packets in the last minute,sysadmin,$this > (($status >= $WARNING) ? (0),,,,,,,,,,,,
../../health/health.d\vernemq.conf,vernemq_mqtt_puback_unexpected,vernemq.mqtt_puback_invalid_error,Workload,Messaging,VerneMQ,average -1m unaligned absolute,messages,1m,,up 2m down 5m multiplier 1.5 max 2h,number of received unexpected v3/v5 PUBACK packets in the last minute,sysadmin,$this > (($status >= $WARNING) ? (0),,,,,,,,,,,,
../../health/health.d\vernemq.conf,vernemq_mqtt_pubrec_received_reason_unsuccessful,vernemq.mqtt_pubrec_received_reason,Errors,Messaging,VerneMQ,"average -1m unaligned absolute match-names of !success,*",packets,1m,,up 2m down 5m multiplier 1.5 max 2h,number of received unsuccessful v5 PUBREC packets in the last minute,sysadmin,$this > (($status >= $WARNING) ? (0),,,,,,,,,,,,
../../health/health.d\vernemq.conf,vernemq_mqtt_pubrec_sent_reason_unsuccessful,vernemq.mqtt_pubrec_sent_reason,Errors,Messaging,VerneMQ,"average -1m unaligned absolute match-names of !success,*",packets,1m,,up 2m down 5m multiplier 1.5 max 2h,number of sent unsuccessful v5 PUBREC packets in the last minute,sysadmin,$this > (($status >= $WARNING) ? (0),,,,,,,,,,,,
../../health/health.d\vernemq.conf,vernemq_mqtt_pubrec_invalid_error,vernemq.mqtt_pubrec_invalid_error,Workload,Messaging,VerneMQ,average -1m unaligned absolute,messages,1m,,up 2m down 5m multiplier 1.5 max 2h,number of received unexpected v3 PUBREC packets in the last minute,sysadmin,$this > (($status >= $WARNING) ? (0),,,,,,,,,,,,
../../health/health.d\vernemq.conf,vernemq_mqtt_pubrel_received_reason_unsuccessful,vernemq.mqtt_pubrel_received_reason,Errors,Messaging,VerneMQ,"average -1m unaligned absolute match-names of !success,*",packets,1m,,up 2m down 5m multiplier 1.5 max 2h,number of received unsuccessful v5 PUBREL packets in the last minute,sysadmin,$this > (($status >= $WARNING) ? (0),,,,,,,,,,,,
../../health/health.d\vernemq.conf,vernemq_mqtt_pubrel_sent_reason_unsuccessful,vernemq.mqtt_pubrel_sent_reason,Errors,Messaging,VerneMQ,"average -1m unaligned absolute match-names of !success,*",packets,1m,,up 2m down 5m multiplier 1.5 max 2h,number of sent unsuccessful v5 PUBREL packets in the last minute,sysadmin,$this > (($status >= $WARNING) ? (0),,,,,,,,,,,,
../../health/health.d\vernemq.conf,vernemq_mqtt_pubcomp_received_reason_unsuccessful,vernemq.mqtt_pubcomp_received_reason,Errors,Messaging,VerneMQ,"average -1m unaligned absolute match-names of !success,*",packets,1m,,up 2m down 5m multiplier 1.5 max 2h,number of received unsuccessful v5 PUBCOMP packets in the last minute,sysadmin,$this > (($status >= $WARNING) ? (0),,,,,,,,,,,,
../../health/health.d\vernemq.conf,vernemq_mqtt_pubcomp_sent_reason_unsuccessful,vernemq.mqtt_pubcomp_sent_reason,Errors,Messaging,VerneMQ,"average -1m unaligned absolute match-names of !success,*",packets,1m,,up 2m down 5m multiplier 1.5 max 2h,number of sent unsuccessful v5 PUBCOMP packets in the last minute,sysadmin,$this > (($status >= $WARNING) ? (0),,,,,,,,,,,,
../../health/health.d\vernemq.conf,vernemq_mqtt_pubcomp_unexpected,vernemq.mqtt_pubcomp_invalid_error,Workload,Messaging,VerneMQ,average -1m unaligned absolute,messages,1m,,up 2m down 5m multiplier 1.5 max 2h,number of received unexpected v3/v5 PUBCOMP packets in the last minute,sysadmin,$this > (($status >= $WARNING) ? (0),,,,,,,,,,,,
../../health/health.d\vsphere.conf,vsphere_vm_mem_usage,vsphere.vm_mem_usage_percentage,Utilization,Virtual Machine,Memory,,%,20s,$this > (($status == $CRITICAL) ? (90),down 15m multiplier 1.5 max 1h,virtual machine memory utilization,,$this > (($status >= $WARNING)  ? (80),,*,$used,,,,,,,,,
../../health/health.d\vsphere.conf,vsphere_host_mem_usage,vsphere.host_mem_usage_percentage,Utilization,Virtual Machine,Memory,,%,20s,$this > (($status == $CRITICAL) ? (90),down 15m multiplier 1.5 max 1h,host memory utilization,,$this > (($status >= $WARNING)  ? (80),,*,$used,,,,,,,,,
../../health/health.d\vsphere.conf,vsphere_inbound_packets_errors,vsphere.net_errors_total,Errors,Virtual Machine,Network,sum -10m unaligned absolute match-names of rx,packets,1m,,,number of inbound errors for the network interface in the last 10 minutes,,,,*,,*,,,,,,,,
../../health/health.d\vsphere.conf,vsphere_outbound_packets_errors,vsphere.net_errors_total,Errors,Virtual Machine,Network,sum -10m unaligned absolute match-names of tx,packets,1m,,,number of outbound errors for the network interface in the last 10 minutes,,,,*,,*,,,,,,,,
../../health/health.d\vsphere.conf,vsphere_inbound_packets_errors_ratio,vsphere.net_packets_total,Errors,Virtual Machine,Network,sum -10m unaligned absolute match-names of rx,%,1m,,up 1m down 1h multiplier 1.5 max 2h,ratio of inbound errors for the network interface over the last 10 minutes,sysadmin,$this >= 2,,*,(($vsphere_inbound_packets_errors != nan AND $this > 1000) ? ($vsphere_inbound_packets_errors * 100 / $this),*,,,,,,,,
../../health/health.d\vsphere.conf,vsphere_outbound_packets_errors_ratio,vsphere.net_packets_total,Errors,Virtual Machine,Network,sum -10m unaligned absolute match-names of tx,%,1m,,up 1m down 1h multiplier 1.5 max 2h,ratio of outbound errors for the network interface over the last 10 minutes,sysadmin,$this >= 2,,*,(($vsphere_outbound_packets_errors != nan AND $this > 1000) ? ($vsphere_outbound_packets_errors * 100 / $this),*,,,,,,,,
../../health/health.d\vsphere.conf,vsphere_cpu_usage,vsphere.cpu_usage_total,Utilization,Virtual Machine,CPU,average -10m unaligned match-names of used,%,20s,$this > (($status == $CRITICAL) ? (85),down 15m multiplier 1.5 max 1h,average CPU utilization,sysadmin,$this > (($status >= $WARNING)  ? (75),,*,,,,,,,,,,
../../health/health.d\vsphere.conf,vsphere_inbound_packets_dropped,vsphere.net_drops_total,Errors,Virtual Machine,Network,sum -10m unaligned absolute match-names of rx,packets,1m,,,number of inbound dropped packets for the network interface in the last 10 minutes,,,,*,,*,,,,,,,,
../../health/health.d\vsphere.conf,vsphere_outbound_packets_dropped,vsphere.net_drops_total,Errors,Virtual Machine,Network,sum -10m unaligned absolute match-names of tx,packets,1m,,,number of outbound dropped packets for the network interface in the last 10 minutes,,,,*,,*,,,,,,,,
../../health/health.d\vsphere.conf,vsphere_inbound_packets_dropped_ratio,vsphere.net_packets_total,Errors,Virtual Machine,Network,sum -10m unaligned absolute match-names of rx,%,1m,,up 1m down 1h multiplier 1.5 max 2h,ratio of inbound dropped packets for the network interface over the last 10 minutes,sysadmin,$this >= 2,,*,(($vsphere_inbound_packets_dropped != nan AND $this > 1000) ? ($vsphere_inbound_packets_dropped * 100 / $this),*,,,,,,,,
../../health/health.d\vsphere.conf,vsphere_outbound_packets_dropped_ratio,vsphere.net_packets_total,Errors,Virtual Machine,Network,sum -10m unaligned absolute match-names of tx,%,1m,,up 1m down 1h multiplier 1.5 max 2h,ratio of outbound dropped packets for the network interface over the last 10 minutes,sysadmin,$this >= 2,,*,(($vsphere_outbound_packets_dropped != nan AND $this > 1000) ? ($vsphere_outbound_packets_dropped * 100 / $this),*,,,,,,,,
../../health/health.d\web_log.conf,,,,,,,,,,,,,,,,,,,,,,,,,
../../health/health.d\web_log.conf,web_log_1m_total_requests,web_log.requests,Workload,Web Server,Web log,sum -1m unaligned,requests,10s,,,number of HTTP requests in the last minute,,,,,($this == 0)?(1),*,,,,,,,,
../../health/health.d\web_log.conf,web_log_1m_unmatched,web_log.excluded_requests,Errors,Web Server,Web log,sum -1m unaligned of unmatched,%,10s,,up 1m down 5m multiplier 1.5 max 1h,percentage of unparsed log lines over the last minute,webmaster,($web_log_1m_total_requests > 120) ? ($this > 1),,,$this * 100 / $web_log_1m_total_requests,*,,,,,,,,
../../health/health.d\web_log.conf,,,,,,,,,,,,,,,,,,,,,,,,,
../../health/health.d\web_log.conf,web_log_1m_requests,web_log.type_requests,Workload,Web Server,Web log,sum -1m unaligned,requests,10s,,,number of HTTP requests in the last minute,,,,,($this == 0)?(1),*,,,,,,,,
../../health/health.d\web_log.conf,web_log_1m_successful,web_log.type_requests,Workload,Web Server,Web log,sum -1m unaligned of success,%,10s,($web_log_1m_requests > 120) ? ($this < (($status == $CRITICAL) ? ( 85 ),up 2m down 15m multiplier 1.5 max 1h,"ratio of successful HTTP requests over the last minute (1xx, 2xx, 304, 401)",webmaster,($web_log_1m_requests > 120) ? ($this < (($status >= $WARNING ) ? ( 95 ),,,$this * 100 / $web_log_1m_requests,*,,,,,,,,
../../health/health.d\web_log.conf,web_log_1m_redirects,web_log.type_requests,Workload,Web Server,Web log,sum -1m unaligned of redirect,%,10s,,up 2m down 15m multiplier 1.5 max 1h,ratio of redirection HTTP requests over the last minute (3xx except 304),webmaster,($web_log_1m_requests > 120) ? ($this > (($status >= $WARNING ) ? (  1 ),,,$this * 100 / $web_log_1m_requests,*,,,,,,,,
../../health/health.d\web_log.conf,web_log_1m_bad_requests,web_log.type_requests,Errors,Web Server,Web log,sum -1m unaligned of bad,%,10s,,up 2m down 15m multiplier 1.5 max 1h,ratio of client error HTTP requests over the last minute (4xx except 401),webmaster,($web_log_1m_requests > 120) ? ($this > (($status >= $WARNING)  ? ( 10 ),,,$this * 100 / $web_log_1m_requests,*,,,,,,,,
../../health/health.d\web_log.conf,web_log_1m_internal_errors,web_log.type_requests,Errors,Web Server,Web log,sum -1m unaligned of error,%,10s,($web_log_1m_requests > 120) ? ($this > (($status == $CRITICAL) ? ( 2 ),up 2m down 15m multiplier 1.5 max 1h,ratio of server error HTTP requests over the last minute (5xx),webmaster,($web_log_1m_requests > 120) ? ($this > (($status >= $WARNING)  ? ( 1 ),,,$this * 100 / $web_log_1m_requests,*,,,,,,,,
../../health/health.d\web_log.conf,,,,,,,,,,,,,,,,,,,,,,,,,
../../health/health.d\web_log.conf,web_log_10m_response_time,web_log.request_processing_time,Latency,System,Web log,average -10m unaligned of avg,ms,30s,,,average HTTP response time over the last 10 minutes,,,,,,*,,,,,,,,
../../health/health.d\web_log.conf,web_log_web_slow,web_log.request_processing_time,Latency,Web Server,Web log,average -1m unaligned of avg,ms,10s,($web_log_1m_requests > 120) ? ($this > $red   && $this > ($web_log_10m_response_time * 4) ),down 15m multiplier 1.5 max 1h,average HTTP response time over the last 1 minute,webmaster,($web_log_1m_requests > 120) ? ($this > $green && $this > ($web_log_10m_response_time * 2) ),,,,*,no-clear-notification,,,500,1000,,,
../../health/health.d\web_log.conf,,,,,,,,,,,,,,,,,,,,,,,,,
../../health/health.d\web_log.conf,web_log_5m_successful_old,web_log.type_requests,Workload,Web Server,Web log,average -5m at -5m unaligned of success,requests/s,30s,,,average number of successful HTTP requests for the 5 minutes starting 10 minutes ago,,,,,,*,,,,,,,,
../../health/health.d\web_log.conf,web_log_5m_successful,web_log.type_requests,Workload,Web Server,Web log,average -5m unaligned of success,requests/s,30s,,,average number of successful HTTP requests over the last 5 minutes,,,,,,*,,,,,,,,
../../health/health.d\web_log.conf,web_log_5m_requests_ratio,web_log.type_requests,Workload,Web Server,Web log,,%,30s,($web_log_5m_successful_old > 120) ? ($this > 400 OR $this < 25),down 15m multiplier 1.5 max 1h,"ratio of successful HTTP requests over over the last 5 minutes, \",webmaster,($web_log_5m_successful_old > 120) ? ($this > 200 OR $this < 50),,,($web_log_5m_successful_old > 0)?($web_log_5m_successful * 100 / $web_log_5m_successful_old),*,no-clear-notification,,,,,,,
../../health/health.d\whoisquery.conf,whoisquery_days_until_expiration,whoisquery.time_until_expiration,Utilization,Other,WHOIS,,seconds,60s,$this < $days_until_expiration_critical*24*60*60,,time until the domain name registration expires,webmaster,$this < $days_until_expiration_warning*24*60*60,,,$expiry,,,,,,,,,
../../health/health.d\wmi.conf,wmi_10min_cpu_usage,wmi.cpu_utilization_total,Utilization,Windows,CPU,"average -10m unaligned match-names of dpc,user,privileged,interrupt",%,1m,$this > (($status == $CRITICAL) ? (85),down 15m multiplier 1.5 max 1h,average CPU utilization over the last 10 minutes,sysadmin,$this > (($status >= $WARNING)  ? (75),linux,*,,,,,,,,,,
../../health/health.d\wmi.conf,wmi_ram_in_use,wmi.memory_utilization,Utilization,Windows,Memory,,%,10s,$this > (($status == $CRITICAL) ? (90),down 15m multiplier 1.5 max 1h,memory utilization,sysadmin,$this > (($status >= $WARNING)  ? (80),linux,*,($used) * 100 / ($used + $available),,,,,,,,,
../../health/health.d\wmi.conf,wmi_swap_in_use,wmi.memory_swap_utilization,Utilization,Windows,Memory,,%,10s,$this > (($status == $CRITICAL) ? (90),down 15m multiplier 1.5 max 1h,swap memory utilization,sysadmin,$this > (($status >= $WARNING)  ? (80),linux,*,($used) * 100 / ($used + $available),,,,,,,,,
../../health/health.d\wmi.conf,wmi_inbound_packets_discarded,wmi.net_discarded,Errors,Windows,Network,sum -10m unaligned absolute match-names of inbound,packets,1m,,down 1h multiplier 1.5 max 2h,number of inbound discarded packets for the network interface in the last 10 minutes,sysadmin,$this >= 5,linux,*,,*,,,,,,,,
../../health/health.d\wmi.conf,wmi_outbound_packets_discarded,wmi.net_discarded,Errors,Windows,Network,sum -10m unaligned absolute match-names of outbound,packets,1m,,down 1h multiplier 1.5 max 2h,number of outbound discarded packets for the network interface in the last 10 minutes,sysadmin,$this >= 5,linux,*,,*,,,,,,,,
../../health/health.d\wmi.conf,wmi_inbound_packets_errors,wmi.net_errors,Errors,Windows,Network,sum -10m unaligned absolute match-names of inbound,packets,1m,,down 1h multiplier 1.5 max 2h,number of inbound errors for the network interface in the last 10 minutes,sysadmin,$this >= 5,linux,*,,*,,,,,,,,
../../health/health.d\wmi.conf,wmi_outbound_packets_errors,wmi.net_errors,Errors,Windows,Network,sum -10m unaligned absolute match-names of outbound,packets,1m,,down 1h multiplier 1.5 max 2h,number of outbound errors for the network interface in the last 10 minutes,sysadmin,$this >= 5,linux,*,,*,,,,,,,,
../../health/health.d\wmi.conf,wmi_disk_in_use,wmi.logical_disk_utilization,Utilization,Windows,Disk,,%,10s,$this > (($status == $CRITICAL) ? (90),down 15m multiplier 1.5 max 1h,disk space utilization,sysadmin,$this > (($status >= $WARNING)  ? (80),linux,*,($used) * 100 / ($used + $free),,,,,,,,,
../../health/health.d\x509check.conf,x509check_revocation_status,x509check.revocation_status,Errors,Certificates,x509 certificates,,seconds,60s,$this != nan AND $this != 0,,x509 certificate revocation status (0,webmaster,$this < $days_until_expiration_warning*24*60*60,,,$revoked,,,,,,,,,
../../health/health.d\zfs.conf,,zfs.memory_ops,Utilization,System,File system,sum -10m unaligned absolute of throttled,events,1m,,down 1h multiplier 1.5 max 2h,number of times ZFS had to limit the ARC growth in the last 10 minutes,sysadmin,$this > 0,,,,,,zfs_memory_throttle,,,,,,
../../health/health.d\zfs.conf,zfs_pool_state_warn,zfspool.state,Errors,System,File system,,boolean,10s,,down 1m multiplier 1.5 max 1h,ZFS pool ${label,sysadmin,$this > 0,,,$degraded,,,,,,,,,
../../health/health.d\zfs.conf,zfs_pool_state_crit,zfspool.state,Errors,System,File system,,boolean,10s,$this > 0,down 1m multiplier 1.5 max 1h,ZFS pool ${label,sysadmin,,,,$faulted + $unavail,,,,,,,,,
